{
  "layer": 4,
  "alpha": -1.0,
  "baseline_accuracy": 0.5095238095238095,
  "intervention_accuracy": 0.5380952380952381,
  "delta_accuracy": 0.02857142857142858,
  "recovery_rate": 0.03333333333333333,
  "regression_rate": 0.004761904761904762,
  "baseline_correct_count": 428,
  "intervention_correct_count": 452,
  "baseline_total": 840,
  "intervention_total": 840,
  "baseline_false_count": 412,
  "baseline_false_intervention_correct": 28,
  "baseline_false_intervention_accuracy": 0.06796116504854369,
  "baseline_true_count": 428,
  "baseline_true_intervention_correct": 424,
  "baseline_true_intervention_accuracy": 0.9906542056074766,
  "recovered_indices": [
    242,
    447,
    450,
    495,
    499,
    523,
    547,
    586,
    594,
    616,
    641,
    651,
    665,
    701,
    702,
    735,
    743,
    758,
    768,
    775,
    778,
    782,
    786,
    790,
    793,
    826,
    827,
    837
  ],
  "regressed_indices": [
    319,
    599,
    783,
    830
  ],
  "recovered_count": 28,
  "regressed_count": 4
}
