{
  "layer": 12,
  "alpha": 1.0,
  "baseline_accuracy": 0.5095238095238095,
  "intervention_accuracy": 0.5345238095238095,
  "delta_accuracy": 0.025000000000000022,
  "recovery_rate": 0.03333333333333333,
  "regression_rate": 0.008333333333333333,
  "baseline_correct_count": 428,
  "intervention_correct_count": 449,
  "baseline_total": 840,
  "intervention_total": 840,
  "baseline_false_count": 412,
  "baseline_false_intervention_correct": 28,
  "baseline_false_intervention_accuracy": 0.06796116504854369,
  "baseline_true_count": 428,
  "baseline_true_intervention_correct": 421,
  "baseline_true_intervention_accuracy": 0.9836448598130841,
  "recovered_indices": [
    428,
    447,
    450,
    458,
    480,
    520,
    523,
    586,
    600,
    601,
    615,
    641,
    658,
    660,
    689,
    691,
    700,
    701,
    728,
    735,
    743,
    758,
    774,
    775,
    782,
    786,
    812,
    824
  ],
  "regressed_indices": [
    88,
    159,
    207,
    295,
    429,
    582,
    599
  ],
  "recovered_count": 28,
  "regressed_count": 7
}
