{
  "layer": 1,
  "alpha": 1.0,
  "baseline_accuracy": 0.5095238095238095,
  "intervention_accuracy": 0.5226190476190476,
  "delta_accuracy": 0.01309523809523816,
  "recovery_rate": 0.02261904761904762,
  "regression_rate": 0.009523809523809525,
  "baseline_correct_count": 428,
  "intervention_correct_count": 439,
  "baseline_total": 840,
  "intervention_total": 840,
  "baseline_false_count": 412,
  "baseline_false_intervention_correct": 19,
  "baseline_false_intervention_accuracy": 0.04611650485436893,
  "baseline_true_count": 428,
  "baseline_true_intervention_correct": 420,
  "baseline_true_intervention_accuracy": 0.9813084112149533,
  "recovered_indices": [
    450,
    480,
    482,
    488,
    509,
    523,
    547,
    560,
    600,
    615,
    625,
    665,
    696,
    701,
    712,
    774,
    781,
    786,
    793
  ],
  "regressed_indices": [
    88,
    159,
    207,
    383,
    599,
    664,
    754,
    783
  ],
  "recovered_count": 19,
  "regressed_count": 8
}
