{
  "layer": 2,
  "alpha": -1.0,
  "baseline_accuracy": 0.5095238095238095,
  "intervention_accuracy": 0.5357142857142857,
  "delta_accuracy": 0.02619047619047621,
  "recovery_rate": 0.030952380952380953,
  "regression_rate": 0.004761904761904762,
  "baseline_correct_count": 428,
  "intervention_correct_count": 450,
  "baseline_total": 840,
  "intervention_total": 840,
  "baseline_false_count": 412,
  "baseline_false_intervention_correct": 26,
  "baseline_false_intervention_accuracy": 0.06310679611650485,
  "baseline_true_count": 428,
  "baseline_true_intervention_correct": 424,
  "baseline_true_intervention_accuracy": 0.9906542056074766,
  "recovered_indices": [
    427,
    447,
    450,
    482,
    488,
    498,
    499,
    523,
    616,
    625,
    651,
    689,
    700,
    701,
    728,
    735,
    739,
    743,
    775,
    778,
    782,
    786,
    826,
    827,
    831,
    837
  ],
  "regressed_indices": [
    207,
    319,
    429,
    830
  ],
  "recovered_count": 26,
  "regressed_count": 4
}
