{
  "layer": 1,
  "alpha": -1.0,
  "baseline_accuracy": 0.5095238095238095,
  "intervention_accuracy": 0.5392857142857143,
  "delta_accuracy": 0.029761904761904767,
  "recovery_rate": 0.04047619047619048,
  "regression_rate": 0.010714285714285714,
  "baseline_correct_count": 428,
  "intervention_correct_count": 453,
  "baseline_total": 840,
  "intervention_total": 840,
  "baseline_false_count": 412,
  "baseline_false_intervention_correct": 34,
  "baseline_false_intervention_accuracy": 0.0825242718446602,
  "baseline_true_count": 428,
  "baseline_true_intervention_correct": 419,
  "baseline_true_intervention_accuracy": 0.9789719626168224,
  "recovered_indices": [
    242,
    427,
    428,
    454,
    480,
    491,
    495,
    510,
    523,
    527,
    541,
    612,
    616,
    626,
    641,
    651,
    660,
    679,
    695,
    700,
    701,
    708,
    728,
    735,
    736,
    739,
    743,
    764,
    775,
    781,
    786,
    812,
    826,
    827
  ],
  "regressed_indices": [
    207,
    292,
    319,
    383,
    582,
    631,
    754,
    783,
    830
  ],
  "recovered_count": 34,
  "regressed_count": 9
}
