{
  "layer": 9,
  "alpha": -1.0,
  "baseline_accuracy": 0.5095238095238095,
  "intervention_accuracy": 0.5202380952380953,
  "delta_accuracy": 0.010714285714285787,
  "recovery_rate": 0.02619047619047619,
  "regression_rate": 0.015476190476190477,
  "baseline_correct_count": 428,
  "intervention_correct_count": 437,
  "baseline_total": 840,
  "intervention_total": 840,
  "baseline_false_count": 412,
  "baseline_false_intervention_correct": 22,
  "baseline_false_intervention_accuracy": 0.05339805825242718,
  "baseline_true_count": 428,
  "baseline_true_intervention_correct": 415,
  "baseline_true_intervention_accuracy": 0.969626168224299,
  "recovered_indices": [
    448,
    482,
    488,
    498,
    499,
    517,
    563,
    625,
    651,
    663,
    696,
    735,
    739,
    743,
    774,
    775,
    778,
    796,
    812,
    826,
    828,
    838
  ],
  "regressed_indices": [
    2,
    35,
    96,
    200,
    292,
    319,
    379,
    414,
    439,
    599,
    754,
    783,
    830
  ],
  "recovered_count": 22,
  "regressed_count": 13
}
