{
  "layer": 9,
  "alpha": 1.0,
  "baseline_accuracy": 0.5095238095238095,
  "intervention_accuracy": 0.555952380952381,
  "delta_accuracy": 0.046428571428571486,
  "recovery_rate": 0.05238095238095238,
  "regression_rate": 0.005952380952380952,
  "baseline_correct_count": 428,
  "intervention_correct_count": 467,
  "baseline_total": 840,
  "intervention_total": 840,
  "baseline_false_count": 412,
  "baseline_false_intervention_correct": 44,
  "baseline_false_intervention_accuracy": 0.10679611650485436,
  "baseline_true_count": 428,
  "baseline_true_intervention_correct": 423,
  "baseline_true_intervention_accuracy": 0.9883177570093458,
  "recovered_indices": [
    422,
    425,
    435,
    450,
    453,
    462,
    491,
    495,
    499,
    509,
    520,
    523,
    531,
    533,
    541,
    547,
    548,
    563,
    595,
    600,
    601,
    605,
    615,
    616,
    625,
    628,
    648,
    658,
    665,
    667,
    689,
    691,
    701,
    702,
    758,
    773,
    774,
    786,
    801,
    804,
    814,
    819,
    823,
    831
  ],
  "regressed_indices": [
    88,
    159,
    207,
    582,
    664
  ],
  "recovered_count": 44,
  "regressed_count": 5
}
