{
  "layer": 5,
  "alpha": 1.0,
  "baseline_accuracy": 0.5095238095238095,
  "intervention_accuracy": 0.5190476190476191,
  "delta_accuracy": 0.009523809523809601,
  "recovery_rate": 0.02261904761904762,
  "regression_rate": 0.013095238095238096,
  "baseline_correct_count": 428,
  "intervention_correct_count": 436,
  "baseline_total": 840,
  "intervention_total": 840,
  "baseline_false_count": 412,
  "baseline_false_intervention_correct": 19,
  "baseline_false_intervention_accuracy": 0.04611650485436893,
  "baseline_true_count": 428,
  "baseline_true_intervention_correct": 417,
  "baseline_true_intervention_accuracy": 0.9742990654205608,
  "recovered_indices": [
    242,
    440,
    462,
    509,
    510,
    520,
    541,
    547,
    557,
    573,
    625,
    628,
    689,
    691,
    701,
    782,
    786,
    812,
    819
  ],
  "regressed_indices": [
    159,
    169,
    207,
    292,
    383,
    429,
    439,
    582,
    599,
    664,
    783
  ],
  "recovered_count": 19,
  "regressed_count": 11
}
