{
  "layer": 10,
  "alpha": 1.0,
  "baseline_accuracy": 0.5095238095238095,
  "intervention_accuracy": 0.5535714285714286,
  "delta_accuracy": 0.04404761904761911,
  "recovery_rate": 0.05476190476190476,
  "regression_rate": 0.010714285714285714,
  "baseline_correct_count": 428,
  "intervention_correct_count": 465,
  "baseline_total": 840,
  "intervention_total": 840,
  "baseline_false_count": 412,
  "baseline_false_intervention_correct": 46,
  "baseline_false_intervention_accuracy": 0.11165048543689321,
  "baseline_true_count": 428,
  "baseline_true_intervention_correct": 419,
  "baseline_true_intervention_accuracy": 0.9789719626168224,
  "recovered_indices": [
    425,
    428,
    437,
    450,
    453,
    458,
    480,
    483,
    495,
    509,
    520,
    523,
    531,
    533,
    541,
    543,
    547,
    557,
    563,
    586,
    600,
    601,
    604,
    605,
    615,
    616,
    625,
    641,
    643,
    658,
    660,
    665,
    667,
    680,
    689,
    691,
    700,
    701,
    736,
    758,
    774,
    782,
    812,
    823,
    827,
    831
  ],
  "regressed_indices": [
    88,
    159,
    207,
    295,
    306,
    582,
    599,
    664,
    783
  ],
  "recovered_count": 46,
  "regressed_count": 9
}
