{
  "layer": 7,
  "alpha": 1.0,
  "baseline_accuracy": 0.5095238095238095,
  "intervention_accuracy": 0.5488095238095239,
  "delta_accuracy": 0.03928571428571437,
  "recovery_rate": 0.05238095238095238,
  "regression_rate": 0.013095238095238096,
  "baseline_correct_count": 428,
  "intervention_correct_count": 461,
  "baseline_total": 840,
  "intervention_total": 840,
  "baseline_false_count": 412,
  "baseline_false_intervention_correct": 44,
  "baseline_false_intervention_accuracy": 0.10679611650485436,
  "baseline_true_count": 428,
  "baseline_true_intervention_correct": 417,
  "baseline_true_intervention_accuracy": 0.9742990654205608,
  "recovered_indices": [
    425,
    428,
    440,
    447,
    450,
    453,
    479,
    482,
    485,
    509,
    510,
    520,
    523,
    524,
    525,
    541,
    546,
    547,
    569,
    581,
    595,
    600,
    601,
    604,
    616,
    643,
    656,
    658,
    665,
    667,
    691,
    698,
    701,
    750,
    758,
    764,
    773,
    774,
    782,
    786,
    814,
    819,
    823,
    826
  ],
  "regressed_indices": [
    88,
    159,
    207,
    235,
    292,
    429,
    582,
    599,
    664,
    754,
    783
  ],
  "recovered_count": 44,
  "regressed_count": 11
}
