{
  "layer": 3,
  "alpha": -1.0,
  "baseline_accuracy": 0.5095238095238095,
  "intervention_accuracy": 0.5321428571428571,
  "delta_accuracy": 0.02261904761904765,
  "recovery_rate": 0.02976190476190476,
  "regression_rate": 0.007142857142857143,
  "baseline_correct_count": 428,
  "intervention_correct_count": 447,
  "baseline_total": 840,
  "intervention_total": 840,
  "baseline_false_count": 412,
  "baseline_false_intervention_correct": 25,
  "baseline_false_intervention_accuracy": 0.06067961165048544,
  "baseline_true_count": 428,
  "baseline_true_intervention_correct": 422,
  "baseline_true_intervention_accuracy": 0.985981308411215,
  "recovered_indices": [
    242,
    427,
    447,
    450,
    458,
    495,
    498,
    523,
    527,
    616,
    651,
    665,
    680,
    700,
    701,
    702,
    735,
    743,
    778,
    782,
    790,
    823,
    826,
    827,
    831
  ],
  "regressed_indices": [
    207,
    292,
    319,
    599,
    631,
    830
  ],
  "recovered_count": 25,
  "regressed_count": 6
}
