{
  "layer": 3,
  "alpha": 1.0,
  "baseline_accuracy": 0.5095238095238095,
  "intervention_accuracy": 0.5190476190476191,
  "delta_accuracy": 0.009523809523809601,
  "recovery_rate": 0.02023809523809524,
  "regression_rate": 0.010714285714285714,
  "baseline_correct_count": 428,
  "intervention_correct_count": 436,
  "baseline_total": 840,
  "intervention_total": 840,
  "baseline_false_count": 412,
  "baseline_false_intervention_correct": 17,
  "baseline_false_intervention_accuracy": 0.0412621359223301,
  "baseline_true_count": 428,
  "baseline_true_intervention_correct": 419,
  "baseline_true_intervention_accuracy": 0.9789719626168224,
  "recovered_indices": [
    242,
    440,
    505,
    510,
    517,
    547,
    548,
    600,
    604,
    625,
    660,
    684,
    691,
    759,
    775,
    786,
    819
  ],
  "regressed_indices": [
    88,
    159,
    207,
    295,
    383,
    582,
    631,
    664,
    754
  ],
  "recovered_count": 17,
  "regressed_count": 9
}
