{
  "layer": 5,
  "alpha": -1.0,
  "baseline_accuracy": 0.5095238095238095,
  "intervention_accuracy": 0.5476190476190477,
  "delta_accuracy": 0.03809523809523818,
  "recovery_rate": 0.04285714285714286,
  "regression_rate": 0.004761904761904762,
  "baseline_correct_count": 428,
  "intervention_correct_count": 460,
  "baseline_total": 840,
  "intervention_total": 840,
  "baseline_false_count": 412,
  "baseline_false_intervention_correct": 36,
  "baseline_false_intervention_accuracy": 0.08737864077669903,
  "baseline_true_count": 428,
  "baseline_true_intervention_correct": 424,
  "baseline_true_intervention_accuracy": 0.9906542056074766,
  "recovered_indices": [
    242,
    427,
    428,
    447,
    450,
    480,
    488,
    510,
    523,
    560,
    576,
    586,
    594,
    615,
    626,
    628,
    641,
    643,
    651,
    656,
    658,
    660,
    665,
    695,
    700,
    701,
    712,
    735,
    777,
    778,
    790,
    812,
    823,
    826,
    827,
    838
  ],
  "regressed_indices": [
    319,
    379,
    783,
    830
  ],
  "recovered_count": 36,
  "regressed_count": 4
}
