{
  "layer": 11,
  "alpha": 1.0,
  "baseline_accuracy": 0.5095238095238095,
  "intervention_accuracy": 0.5476190476190477,
  "delta_accuracy": 0.03809523809523818,
  "recovery_rate": 0.047619047619047616,
  "regression_rate": 0.009523809523809525,
  "baseline_correct_count": 428,
  "intervention_correct_count": 460,
  "baseline_total": 840,
  "intervention_total": 840,
  "baseline_false_count": 412,
  "baseline_false_intervention_correct": 40,
  "baseline_false_intervention_accuracy": 0.0970873786407767,
  "baseline_true_count": 428,
  "baseline_true_intervention_correct": 420,
  "baseline_true_intervention_accuracy": 0.9813084112149533,
  "recovered_indices": [
    242,
    428,
    435,
    437,
    447,
    450,
    458,
    480,
    491,
    520,
    523,
    541,
    557,
    563,
    586,
    601,
    615,
    616,
    625,
    628,
    641,
    658,
    660,
    665,
    667,
    680,
    689,
    691,
    700,
    701,
    728,
    736,
    758,
    774,
    786,
    812,
    823,
    824,
    827,
    831
  ],
  "regressed_indices": [
    159,
    207,
    295,
    306,
    429,
    582,
    599,
    783
  ],
  "recovered_count": 40,
  "regressed_count": 8
}
