{
  "layer": 11,
  "alpha": -1.0,
  "baseline_accuracy": 0.5095238095238095,
  "intervention_accuracy": 0.5166666666666667,
  "delta_accuracy": 0.0071428571428572285,
  "recovery_rate": 0.01904761904761905,
  "regression_rate": 0.011904761904761904,
  "baseline_correct_count": 428,
  "intervention_correct_count": 434,
  "baseline_total": 840,
  "intervention_total": 840,
  "baseline_false_count": 412,
  "baseline_false_intervention_correct": 16,
  "baseline_false_intervention_accuracy": 0.038834951456310676,
  "baseline_true_count": 428,
  "baseline_true_intervention_correct": 418,
  "baseline_true_intervention_accuracy": 0.9766355140186916,
  "recovered_indices": [
    482,
    499,
    510,
    546,
    560,
    613,
    651,
    663,
    722,
    728,
    739,
    743,
    777,
    778,
    807,
    826
  ],
  "regressed_indices": [
    61,
    163,
    273,
    292,
    319,
    355,
    439,
    664,
    754,
    830
  ],
  "recovered_count": 16,
  "regressed_count": 10
}
