{
  "layer": 6,
  "alpha": -1.0,
  "baseline_accuracy": 0.5095238095238095,
  "intervention_accuracy": 0.5428571428571428,
  "delta_accuracy": 0.033333333333333326,
  "recovery_rate": 0.0380952380952381,
  "regression_rate": 0.004761904761904762,
  "baseline_correct_count": 428,
  "intervention_correct_count": 456,
  "baseline_total": 840,
  "intervention_total": 840,
  "baseline_false_count": 412,
  "baseline_false_intervention_correct": 32,
  "baseline_false_intervention_accuracy": 0.07766990291262135,
  "baseline_true_count": 428,
  "baseline_true_intervention_correct": 424,
  "baseline_true_intervention_accuracy": 0.9906542056074766,
  "recovered_indices": [
    242,
    428,
    495,
    498,
    510,
    517,
    523,
    530,
    560,
    576,
    586,
    615,
    625,
    628,
    643,
    651,
    660,
    665,
    667,
    696,
    700,
    728,
    758,
    777,
    778,
    786,
    812,
    823,
    826,
    827,
    828,
    831
  ],
  "regressed_indices": [
    295,
    306,
    319,
    783
  ],
  "recovered_count": 32,
  "regressed_count": 4
}
