{
  "layer": 7,
  "alpha": -1.0,
  "baseline_accuracy": 0.5095238095238095,
  "intervention_accuracy": 0.5273809523809524,
  "delta_accuracy": 0.017857142857142905,
  "recovery_rate": 0.025,
  "regression_rate": 0.007142857142857143,
  "baseline_correct_count": 428,
  "intervention_correct_count": 443,
  "baseline_total": 840,
  "intervention_total": 840,
  "baseline_false_count": 412,
  "baseline_false_intervention_correct": 21,
  "baseline_false_intervention_accuracy": 0.050970873786407765,
  "baseline_true_count": 428,
  "baseline_true_intervention_correct": 422,
  "baseline_true_intervention_accuracy": 0.985981308411215,
  "recovered_indices": [
    242,
    428,
    447,
    480,
    523,
    560,
    576,
    615,
    625,
    651,
    665,
    684,
    728,
    735,
    739,
    743,
    778,
    786,
    793,
    806,
    826
  ],
  "regressed_indices": [
    292,
    319,
    379,
    439,
    599,
    783
  ],
  "recovered_count": 21,
  "regressed_count": 6
}
