{
  "layer": 0,
  "alpha": 1.0,
  "baseline_accuracy": 0.5095238095238095,
  "intervention_accuracy": 0.5285714285714286,
  "delta_accuracy": 0.01904761904761909,
  "recovery_rate": 0.02738095238095238,
  "regression_rate": 0.008333333333333333,
  "baseline_correct_count": 428,
  "intervention_correct_count": 444,
  "baseline_total": 840,
  "intervention_total": 840,
  "baseline_false_count": 412,
  "baseline_false_intervention_correct": 23,
  "baseline_false_intervention_accuracy": 0.055825242718446605,
  "baseline_true_count": 428,
  "baseline_true_intervention_correct": 421,
  "baseline_true_intervention_accuracy": 0.9836448598130841,
  "recovered_indices": [
    480,
    488,
    491,
    498,
    509,
    523,
    539,
    548,
    557,
    601,
    625,
    689,
    691,
    700,
    701,
    735,
    786,
    793,
    812,
    823,
    824,
    828,
    838
  ],
  "regressed_indices": [
    88,
    207,
    295,
    383,
    599,
    631,
    664
  ],
  "recovered_count": 23,
  "regressed_count": 7
}
