{
  "layer": 14,
  "alpha": 1.0,
  "baseline_accuracy": 0.5095238095238095,
  "intervention_accuracy": 0.5214285714285715,
  "delta_accuracy": 0.011904761904761973,
  "recovery_rate": 0.017857142857142856,
  "regression_rate": 0.005952380952380952,
  "baseline_correct_count": 428,
  "intervention_correct_count": 438,
  "baseline_total": 840,
  "intervention_total": 840,
  "baseline_false_count": 412,
  "baseline_false_intervention_correct": 15,
  "baseline_false_intervention_accuracy": 0.03640776699029126,
  "baseline_true_count": 428,
  "baseline_true_intervention_correct": 423,
  "baseline_true_intervention_accuracy": 0.9883177570093458,
  "recovered_indices": [
    242,
    450,
    510,
    523,
    586,
    600,
    615,
    616,
    641,
    691,
    728,
    735,
    758,
    768,
    774
  ],
  "regressed_indices": [
    207,
    429,
    582,
    599,
    664
  ],
  "recovered_count": 15,
  "regressed_count": 5
}
