{
  "layer": 4,
  "alpha": 1.0,
  "baseline_accuracy": 0.5095238095238095,
  "intervention_accuracy": 0.5202380952380953,
  "delta_accuracy": 0.010714285714285787,
  "recovery_rate": 0.02142857142857143,
  "regression_rate": 0.010714285714285714,
  "baseline_correct_count": 428,
  "intervention_correct_count": 437,
  "baseline_total": 840,
  "intervention_total": 840,
  "baseline_false_count": 412,
  "baseline_false_intervention_correct": 18,
  "baseline_false_intervention_accuracy": 0.043689320388349516,
  "baseline_true_count": 428,
  "baseline_true_intervention_correct": 419,
  "baseline_true_intervention_accuracy": 0.9789719626168224,
  "recovered_indices": [
    242,
    440,
    479,
    491,
    509,
    510,
    517,
    547,
    548,
    625,
    660,
    665,
    691,
    736,
    786,
    812,
    819,
    826
  ],
  "regressed_indices": [
    88,
    159,
    207,
    295,
    383,
    429,
    599,
    664,
    754
  ],
  "recovered_count": 18,
  "regressed_count": 9
}
