{
  "layer": 2,
  "alpha": 1.0,
  "baseline_accuracy": 0.5095238095238095,
  "intervention_accuracy": 0.5119047619047619,
  "delta_accuracy": 0.0023809523809523725,
  "recovery_rate": 0.014285714285714285,
  "regression_rate": 0.011904761904761904,
  "baseline_correct_count": 428,
  "intervention_correct_count": 430,
  "baseline_total": 840,
  "intervention_total": 840,
  "baseline_false_count": 412,
  "baseline_false_intervention_correct": 12,
  "baseline_false_intervention_accuracy": 0.02912621359223301,
  "baseline_true_count": 428,
  "baseline_true_intervention_correct": 418,
  "baseline_true_intervention_accuracy": 0.9766355140186916,
  "recovered_indices": [
    450,
    505,
    510,
    523,
    641,
    643,
    656,
    665,
    696,
    786,
    819,
    828
  ],
  "regressed_indices": [
    88,
    159,
    292,
    355,
    383,
    599,
    664,
    754,
    783,
    830
  ],
  "recovered_count": 12,
  "regressed_count": 10
}
