{
  "layer": 6,
  "alpha": 1.0,
  "baseline_accuracy": 0.5095238095238095,
  "intervention_accuracy": 0.5261904761904762,
  "delta_accuracy": 0.01666666666666672,
  "recovery_rate": 0.02976190476190476,
  "regression_rate": 0.013095238095238096,
  "baseline_correct_count": 428,
  "intervention_correct_count": 442,
  "baseline_total": 840,
  "intervention_total": 840,
  "baseline_false_count": 412,
  "baseline_false_intervention_correct": 25,
  "baseline_false_intervention_accuracy": 0.06067961165048544,
  "baseline_true_count": 428,
  "baseline_true_intervention_correct": 417,
  "baseline_true_intervention_accuracy": 0.9742990654205608,
  "recovered_indices": [
    440,
    447,
    453,
    482,
    509,
    510,
    520,
    525,
    547,
    548,
    569,
    595,
    616,
    643,
    689,
    691,
    701,
    750,
    764,
    774,
    812,
    814,
    819,
    823,
    826
  ],
  "regressed_indices": [
    88,
    159,
    169,
    207,
    235,
    292,
    429,
    582,
    599,
    664,
    783
  ],
  "recovered_count": 25,
  "regressed_count": 11
}
