{
  "layer": 8,
  "alpha": -1.0,
  "baseline_accuracy": 0.5095238095238095,
  "intervention_accuracy": 0.5380952380952381,
  "delta_accuracy": 0.02857142857142858,
  "recovery_rate": 0.0380952380952381,
  "regression_rate": 0.009523809523809525,
  "baseline_correct_count": 428,
  "intervention_correct_count": 452,
  "baseline_total": 840,
  "intervention_total": 840,
  "baseline_false_count": 412,
  "baseline_false_intervention_correct": 32,
  "baseline_false_intervention_accuracy": 0.07766990291262135,
  "baseline_true_count": 428,
  "baseline_true_intervention_correct": 420,
  "baseline_true_intervention_accuracy": 0.9813084112149533,
  "recovered_indices": [
    242,
    427,
    428,
    447,
    448,
    458,
    485,
    488,
    517,
    523,
    548,
    553,
    560,
    625,
    641,
    651,
    660,
    663,
    665,
    684,
    696,
    704,
    735,
    739,
    743,
    775,
    778,
    786,
    807,
    812,
    823,
    826
  ],
  "regressed_indices": [
    35,
    95,
    292,
    379,
    439,
    599,
    754,
    783
  ],
  "recovered_count": 32,
  "regressed_count": 8
}
