{
  "layer": 13,
  "alpha": 1.0,
  "baseline_accuracy": 0.5095238095238095,
  "intervention_accuracy": 0.5297619047619048,
  "delta_accuracy": 0.020238095238095277,
  "recovery_rate": 0.02619047619047619,
  "regression_rate": 0.005952380952380952,
  "baseline_correct_count": 428,
  "intervention_correct_count": 445,
  "baseline_total": 840,
  "intervention_total": 840,
  "baseline_false_count": 412,
  "baseline_false_intervention_correct": 22,
  "baseline_false_intervention_accuracy": 0.05339805825242718,
  "baseline_true_count": 428,
  "baseline_true_intervention_correct": 423,
  "baseline_true_intervention_accuracy": 0.9883177570093458,
  "recovered_indices": [
    242,
    428,
    450,
    510,
    523,
    586,
    600,
    615,
    641,
    658,
    660,
    689,
    691,
    701,
    728,
    735,
    758,
    774,
    782,
    812,
    823,
    827
  ],
  "regressed_indices": [
    159,
    207,
    295,
    429,
    783
  ],
  "recovered_count": 22,
  "regressed_count": 5
}
