{
  "layer": 15,
  "alpha": 1.0,
  "baseline_accuracy": 0.5095238095238095,
  "intervention_accuracy": 0.5190476190476191,
  "delta_accuracy": 0.009523809523809601,
  "recovery_rate": 0.016666666666666666,
  "regression_rate": 0.007142857142857143,
  "baseline_correct_count": 428,
  "intervention_correct_count": 436,
  "baseline_total": 840,
  "intervention_total": 840,
  "baseline_false_count": 412,
  "baseline_false_intervention_correct": 14,
  "baseline_false_intervention_accuracy": 0.03398058252427184,
  "baseline_true_count": 428,
  "baseline_true_intervention_correct": 422,
  "baseline_true_intervention_accuracy": 0.985981308411215,
  "recovered_indices": [
    242,
    450,
    482,
    510,
    615,
    616,
    641,
    700,
    728,
    735,
    743,
    758,
    786,
    812
  ],
  "regressed_indices": [
    159,
    207,
    295,
    429,
    599,
    664
  ],
  "recovered_count": 14,
  "regressed_count": 6
}
