{
  "layer": 10,
  "alpha": -1.0,
  "baseline_accuracy": 0.5095238095238095,
  "intervention_accuracy": 0.5214285714285715,
  "delta_accuracy": 0.011904761904761973,
  "recovery_rate": 0.025,
  "regression_rate": 0.013095238095238096,
  "baseline_correct_count": 428,
  "intervention_correct_count": 438,
  "baseline_total": 840,
  "intervention_total": 840,
  "baseline_false_count": 412,
  "baseline_false_intervention_correct": 21,
  "baseline_false_intervention_accuracy": 0.050970873786407765,
  "baseline_true_count": 428,
  "baseline_true_intervention_correct": 417,
  "baseline_true_intervention_accuracy": 0.9742990654205608,
  "recovered_indices": [
    242,
    482,
    497,
    499,
    510,
    546,
    613,
    626,
    651,
    663,
    673,
    688,
    701,
    722,
    739,
    743,
    778,
    786,
    807,
    826,
    838
  ],
  "regressed_indices": [
    61,
    96,
    273,
    292,
    319,
    355,
    396,
    439,
    754,
    783,
    830
  ],
  "recovered_count": 21,
  "regressed_count": 11
}
