{
  "layer": 8,
  "alpha": 1.0,
  "baseline_accuracy": 0.5095238095238095,
  "intervention_accuracy": 0.5369047619047619,
  "delta_accuracy": 0.027380952380952395,
  "recovery_rate": 0.036904761904761905,
  "regression_rate": 0.009523809523809525,
  "baseline_correct_count": 428,
  "intervention_correct_count": 451,
  "baseline_total": 840,
  "intervention_total": 840,
  "baseline_false_count": 412,
  "baseline_false_intervention_correct": 31,
  "baseline_false_intervention_accuracy": 0.07524271844660194,
  "baseline_true_count": 428,
  "baseline_true_intervention_correct": 420,
  "baseline_true_intervention_accuracy": 0.9813084112149533,
  "recovered_indices": [
    425,
    479,
    482,
    499,
    509,
    510,
    520,
    523,
    541,
    546,
    547,
    563,
    595,
    600,
    601,
    605,
    616,
    658,
    665,
    689,
    691,
    701,
    740,
    750,
    804,
    812,
    814,
    819,
    823,
    826,
    831
  ],
  "regressed_indices": [
    88,
    159,
    207,
    396,
    582,
    599,
    664,
    783
  ],
  "recovered_count": 31,
  "regressed_count": 8
}
