{
  "layer": 7,
  "baseline_accuracy": 0.8533333333333334,
  "intervention_accuracy": 0.8173333333333334,
  "delta_accuracy": -0.03600000000000003,
  "recovery_rate": 0.03933333333333333,
  "regression_rate": 0.07533333333333334,
  "baseline_correct_count": 2560,
  "intervention_correct_count": 2452,
  "baseline_total": 3000,
  "intervention_total": 3000
}
