{
  "layer": 11,
  "baseline_accuracy": 0.8533333333333334,
  "intervention_accuracy": 0.8553333333333333,
  "delta_accuracy": 0.0019999999999998908,
  "recovery_rate": 0.03266666666666666,
  "regression_rate": 0.030666666666666665,
  "baseline_correct_count": 2560,
  "intervention_correct_count": 2566,
  "baseline_total": 3000,
  "intervention_total": 3000
}
