{
  "layer": 2,
  "baseline_accuracy": 0.8533333333333334,
  "intervention_accuracy": 0.8496666666666667,
  "delta_accuracy": -0.003666666666666707,
  "recovery_rate": 0.036333333333333336,
  "regression_rate": 0.04,
  "baseline_correct_count": 2560,
  "intervention_correct_count": 2549,
  "baseline_total": 3000,
  "intervention_total": 3000
}
