{
  "layer": 15,
  "baseline_accuracy": 0.8533333333333334,
  "intervention_accuracy": 0.848,
  "delta_accuracy": -0.005333333333333412,
  "recovery_rate": 0.014,
  "regression_rate": 0.019333333333333334,
  "baseline_correct_count": 2560,
  "intervention_correct_count": 2544,
  "baseline_total": 3000,
  "intervention_total": 3000
}
