{
  "layer": 4,
  "alpha": 1.0,
  "baseline_accuracy": 0.5089887640449439,
  "intervention_accuracy": 0.5179775280898876,
  "delta_accuracy": 0.008988764044943753,
  "recovery_rate": 0.020224719101123594,
  "regression_rate": 0.011235955056179775,
  "baseline_correct_count": 453,
  "intervention_correct_count": 461,
  "baseline_total": 890,
  "intervention_total": 890,
  "baseline_false_count": 437,
  "baseline_false_intervention_correct": 18,
  "baseline_false_intervention_accuracy": 0.041189931350114416,
  "baseline_true_count": 453,
  "baseline_true_intervention_correct": 443,
  "baseline_true_intervention_accuracy": 0.977924944812362,
  "recovered_indices": [
    267,
    490,
    529,
    541,
    549,
    559,
    560,
    567,
    597,
    598,
    650,
    654,
    675,
    715,
    741,
    836,
    869,
    876
  ],
  "regressed_indices": [
    113,
    184,
    232,
    320,
    408,
    479,
    632,
    649,
    714,
    804
  ],
  "recovered_count": 18,
  "regressed_count": 10
}
