{
  "layer": 5,
  "alpha": 1.0,
  "baseline_accuracy": 0.5089887640449439,
  "intervention_accuracy": 0.5213483146067416,
  "delta_accuracy": 0.012359550561797716,
  "recovery_rate": 0.024719101123595506,
  "regression_rate": 0.012359550561797753,
  "baseline_correct_count": 453,
  "intervention_correct_count": 464,
  "baseline_total": 890,
  "intervention_total": 890,
  "baseline_false_count": 437,
  "baseline_false_intervention_correct": 22,
  "baseline_false_intervention_accuracy": 0.05034324942791762,
  "baseline_true_count": 453,
  "baseline_true_intervention_correct": 442,
  "baseline_true_intervention_accuracy": 0.9757174392935982,
  "recovered_indices": [
    267,
    454,
    490,
    512,
    559,
    560,
    570,
    591,
    597,
    600,
    607,
    623,
    675,
    678,
    693,
    739,
    741,
    751,
    832,
    836,
    862,
    869
  ],
  "regressed_indices": [
    184,
    194,
    232,
    317,
    408,
    479,
    489,
    632,
    649,
    714,
    833
  ],
  "recovered_count": 22,
  "regressed_count": 11
}
