{
  "layer": 11,
  "alpha": -1.0,
  "baseline_accuracy": 0.5089887640449439,
  "intervention_accuracy": 0.5202247191011236,
  "delta_accuracy": 0.011235955056179692,
  "recovery_rate": 0.020224719101123594,
  "regression_rate": 0.008988764044943821,
  "baseline_correct_count": 453,
  "intervention_correct_count": 463,
  "baseline_total": 890,
  "intervention_total": 890,
  "baseline_false_count": 437,
  "baseline_false_intervention_correct": 18,
  "baseline_false_intervention_accuracy": 0.041189931350114416,
  "baseline_true_count": 453,
  "baseline_true_intervention_correct": 445,
  "baseline_true_intervention_accuracy": 0.9823399558498896,
  "recovered_indices": [
    267,
    455,
    532,
    549,
    560,
    596,
    610,
    663,
    701,
    713,
    772,
    778,
    789,
    793,
    827,
    828,
    857,
    876
  ],
  "regressed_indices": [
    86,
    188,
    317,
    344,
    489,
    714,
    804,
    880
  ],
  "recovered_count": 18,
  "regressed_count": 8
}
