{
  "layer": 1,
  "alpha": 1.0,
  "baseline_accuracy": 0.5089887640449439,
  "intervention_accuracy": 0.5191011235955056,
  "delta_accuracy": 0.010112359550561778,
  "recovery_rate": 0.020224719101123594,
  "regression_rate": 0.010112359550561797,
  "baseline_correct_count": 453,
  "intervention_correct_count": 462,
  "baseline_total": 890,
  "intervention_total": 890,
  "baseline_false_count": 437,
  "baseline_false_intervention_correct": 18,
  "baseline_false_intervention_accuracy": 0.041189931350114416,
  "baseline_true_count": 453,
  "baseline_true_intervention_correct": 444,
  "baseline_true_intervention_accuracy": 0.9801324503311258,
  "recovered_indices": [
    500,
    530,
    532,
    538,
    541,
    559,
    573,
    597,
    610,
    650,
    665,
    675,
    715,
    746,
    824,
    831,
    836,
    843
  ],
  "regressed_indices": [
    113,
    184,
    232,
    408,
    649,
    714,
    804,
    833,
    880
  ],
  "recovered_count": 18,
  "regressed_count": 9
}
