{
  "layer": 0,
  "alpha": -1.0,
  "baseline_accuracy": 0.5089887640449439,
  "intervention_accuracy": 0.5258426966292135,
  "delta_accuracy": 0.016853932584269593,
  "recovery_rate": 0.02696629213483146,
  "regression_rate": 0.010112359550561797,
  "baseline_correct_count": 453,
  "intervention_correct_count": 468,
  "baseline_total": 890,
  "intervention_total": 890,
  "baseline_false_count": 437,
  "baseline_false_intervention_correct": 24,
  "baseline_false_intervention_accuracy": 0.05491990846681922,
  "baseline_true_count": 453,
  "baseline_true_intervention_correct": 444,
  "baseline_true_intervention_accuracy": 0.9801324503311258,
  "recovered_indices": [
    267,
    454,
    477,
    497,
    500,
    545,
    573,
    597,
    675,
    691,
    701,
    710,
    715,
    745,
    750,
    786,
    793,
    825,
    831,
    836,
    862,
    876,
    877,
    881
  ],
  "regressed_indices": [
    184,
    317,
    320,
    344,
    408,
    649,
    681,
    804,
    833
  ],
  "recovered_count": 24,
  "regressed_count": 9
}
