{
  "layer": 8,
  "alpha": -1.0,
  "baseline_accuracy": 0.5089887640449439,
  "intervention_accuracy": 0.5348314606741573,
  "delta_accuracy": 0.025842696629213457,
  "recovery_rate": 0.033707865168539325,
  "regression_rate": 0.007865168539325843,
  "baseline_correct_count": 453,
  "intervention_correct_count": 476,
  "baseline_total": 890,
  "intervention_total": 890,
  "baseline_false_count": 437,
  "baseline_false_intervention_correct": 30,
  "baseline_false_intervention_accuracy": 0.06864988558352403,
  "baseline_true_count": 453,
  "baseline_true_intervention_correct": 446,
  "baseline_true_intervention_accuracy": 0.9845474613686535,
  "recovered_indices": [
    267,
    459,
    478,
    497,
    498,
    535,
    538,
    567,
    573,
    598,
    603,
    610,
    675,
    691,
    701,
    710,
    713,
    715,
    734,
    746,
    785,
    789,
    793,
    825,
    828,
    836,
    857,
    862,
    873,
    876
  ],
  "regressed_indices": [
    60,
    317,
    404,
    489,
    649,
    804,
    833
  ],
  "recovered_count": 30,
  "regressed_count": 7
}
