{
  "layer": 8,
  "alpha": 1.0,
  "baseline_accuracy": 0.5089887640449439,
  "intervention_accuracy": 0.5359550561797752,
  "delta_accuracy": 0.02696629213483137,
  "recovery_rate": 0.03707865168539326,
  "regression_rate": 0.010112359550561797,
  "baseline_correct_count": 453,
  "intervention_correct_count": 477,
  "baseline_total": 890,
  "intervention_total": 890,
  "baseline_false_count": 437,
  "baseline_false_intervention_correct": 33,
  "baseline_false_intervention_accuracy": 0.07551487414187644,
  "baseline_true_count": 453,
  "baseline_true_intervention_correct": 444,
  "baseline_true_intervention_accuracy": 0.9801324503311258,
  "recovered_indices": [
    446,
    454,
    463,
    475,
    529,
    532,
    549,
    559,
    570,
    573,
    591,
    596,
    597,
    613,
    623,
    645,
    650,
    651,
    655,
    666,
    708,
    715,
    741,
    751,
    790,
    800,
    824,
    854,
    862,
    864,
    869,
    873,
    881
  ],
  "regressed_indices": [
    113,
    184,
    232,
    260,
    421,
    632,
    649,
    714,
    833
  ],
  "recovered_count": 33,
  "regressed_count": 9
}
