{
  "layer": 6,
  "alpha": -1.0,
  "baseline_accuracy": 0.5089887640449439,
  "intervention_accuracy": 0.5426966292134832,
  "delta_accuracy": 0.0337078651685393,
  "recovery_rate": 0.038202247191011236,
  "regression_rate": 0.0044943820224719105,
  "baseline_correct_count": 453,
  "intervention_correct_count": 483,
  "baseline_total": 890,
  "intervention_total": 890,
  "baseline_false_count": 437,
  "baseline_false_intervention_correct": 34,
  "baseline_false_intervention_accuracy": 0.07780320366132723,
  "baseline_true_count": 453,
  "baseline_true_intervention_correct": 449,
  "baseline_true_intervention_accuracy": 0.9911699779249448,
  "recovered_indices": [
    267,
    459,
    463,
    478,
    497,
    545,
    548,
    560,
    567,
    573,
    610,
    626,
    636,
    651,
    665,
    675,
    678,
    701,
    710,
    715,
    717,
    746,
    750,
    778,
    789,
    808,
    827,
    828,
    836,
    862,
    873,
    876,
    877,
    878
  ],
  "regressed_indices": [
    320,
    331,
    344,
    833
  ],
  "recovered_count": 34,
  "regressed_count": 4
}
