{
  "layer": 14,
  "alpha": -1.0,
  "baseline_accuracy": 0.5089887640449439,
  "intervention_accuracy": 0.5146067415730337,
  "delta_accuracy": 0.00561797752808979,
  "recovery_rate": 0.008988764044943821,
  "regression_rate": 0.0033707865168539327,
  "baseline_correct_count": 453,
  "intervention_correct_count": 458,
  "baseline_total": 890,
  "intervention_total": 890,
  "baseline_false_count": 437,
  "baseline_false_intervention_correct": 8,
  "baseline_false_intervention_accuracy": 0.018306636155606407,
  "baseline_true_count": 453,
  "baseline_true_intervention_correct": 450,
  "baseline_true_intervention_accuracy": 0.9933774834437086,
  "recovered_indices": [
    455,
    541,
    548,
    596,
    610,
    772,
    876,
    881
  ],
  "regressed_indices": [
    489,
    804,
    880
  ],
  "recovered_count": 8,
  "regressed_count": 3
}
