{
  "layer": 3,
  "alpha": 1.0,
  "baseline_accuracy": 0.5089887640449439,
  "intervention_accuracy": 0.5191011235955056,
  "delta_accuracy": 0.010112359550561778,
  "recovery_rate": 0.019101123595505618,
  "regression_rate": 0.008988764044943821,
  "baseline_correct_count": 453,
  "intervention_correct_count": 462,
  "baseline_total": 890,
  "intervention_total": 890,
  "baseline_false_count": 437,
  "baseline_false_intervention_correct": 17,
  "baseline_false_intervention_accuracy": 0.038901601830663615,
  "baseline_true_count": 453,
  "baseline_true_intervention_correct": 445,
  "baseline_true_intervention_accuracy": 0.9823399558498896,
  "recovered_indices": [
    490,
    560,
    567,
    573,
    597,
    598,
    650,
    654,
    675,
    708,
    710,
    729,
    734,
    741,
    809,
    825,
    869
  ],
  "regressed_indices": [
    113,
    184,
    232,
    320,
    408,
    632,
    714,
    804
  ],
  "recovered_count": 17,
  "regressed_count": 8
}
