{
  "layer": 4,
  "alpha": -1.0,
  "baseline_accuracy": 0.5089887640449439,
  "intervention_accuracy": 0.5370786516853933,
  "delta_accuracy": 0.028089887640449396,
  "recovery_rate": 0.033707865168539325,
  "regression_rate": 0.0056179775280898875,
  "baseline_correct_count": 453,
  "intervention_correct_count": 478,
  "baseline_total": 890,
  "intervention_total": 890,
  "baseline_false_count": 437,
  "baseline_false_intervention_correct": 30,
  "baseline_false_intervention_accuracy": 0.06864988558352403,
  "baseline_true_count": 453,
  "baseline_true_intervention_correct": 448,
  "baseline_true_intervention_accuracy": 0.9889624724061811,
  "recovered_indices": [
    267,
    497,
    500,
    545,
    549,
    573,
    597,
    636,
    644,
    666,
    691,
    701,
    710,
    715,
    750,
    751,
    752,
    785,
    793,
    808,
    818,
    825,
    828,
    832,
    836,
    840,
    843,
    876,
    877,
    887
  ],
  "regressed_indices": [
    344,
    649,
    804,
    833,
    880
  ],
  "recovered_count": 30,
  "regressed_count": 5
}
