{
  "layer": 5,
  "alpha": -1.0,
  "baseline_accuracy": 0.5089887640449439,
  "intervention_accuracy": 0.5438202247191011,
  "delta_accuracy": 0.03483146067415721,
  "recovery_rate": 0.03932584269662921,
  "regression_rate": 0.0044943820224719105,
  "baseline_correct_count": 453,
  "intervention_correct_count": 484,
  "baseline_total": 890,
  "intervention_total": 890,
  "baseline_false_count": 437,
  "baseline_false_intervention_correct": 35,
  "baseline_false_intervention_accuracy": 0.08009153318077804,
  "baseline_true_count": 453,
  "baseline_true_intervention_correct": 449,
  "baseline_true_intervention_accuracy": 0.9911699779249448,
  "recovered_indices": [
    267,
    477,
    478,
    497,
    500,
    530,
    538,
    560,
    573,
    596,
    610,
    626,
    636,
    665,
    676,
    678,
    691,
    701,
    706,
    710,
    715,
    745,
    750,
    751,
    762,
    785,
    825,
    827,
    828,
    840,
    862,
    873,
    876,
    877,
    888
  ],
  "regressed_indices": [
    344,
    649,
    833,
    880
  ],
  "recovered_count": 35,
  "regressed_count": 4
}
