{
  "layer": 9,
  "alpha": 1.0,
  "baseline_accuracy": 0.5089887640449439,
  "intervention_accuracy": 0.5561797752808989,
  "delta_accuracy": 0.04719101123595504,
  "recovery_rate": 0.052808988764044947,
  "regression_rate": 0.0056179775280898875,
  "baseline_correct_count": 453,
  "intervention_correct_count": 495,
  "baseline_total": 890,
  "intervention_total": 890,
  "baseline_false_count": 437,
  "baseline_false_intervention_correct": 47,
  "baseline_false_intervention_accuracy": 0.10755148741418764,
  "baseline_true_count": 453,
  "baseline_true_intervention_correct": 448,
  "baseline_true_intervention_accuracy": 0.9889624724061811,
  "recovered_indices": [
    454,
    463,
    472,
    475,
    485,
    500,
    503,
    512,
    530,
    541,
    545,
    549,
    559,
    570,
    573,
    581,
    583,
    591,
    597,
    598,
    613,
    645,
    650,
    651,
    655,
    665,
    666,
    678,
    698,
    708,
    715,
    717,
    739,
    741,
    751,
    752,
    778,
    808,
    823,
    824,
    836,
    851,
    854,
    864,
    869,
    873,
    881
  ],
  "regressed_indices": [
    113,
    184,
    232,
    632,
    714
  ],
  "recovered_count": 47,
  "regressed_count": 5
}
