{
  "layer": 15,
  "alpha": 1.0,
  "baseline_accuracy": 0.5089887640449439,
  "intervention_accuracy": 0.5202247191011236,
  "delta_accuracy": 0.011235955056179692,
  "recovery_rate": 0.016853932584269662,
  "regression_rate": 0.0056179775280898875,
  "baseline_correct_count": 453,
  "intervention_correct_count": 463,
  "baseline_total": 890,
  "intervention_total": 890,
  "baseline_false_count": 437,
  "baseline_false_intervention_correct": 15,
  "baseline_false_intervention_accuracy": 0.034324942791762014,
  "baseline_true_count": 453,
  "baseline_true_intervention_correct": 448,
  "baseline_true_intervention_accuracy": 0.9889624724061811,
  "recovered_indices": [
    267,
    500,
    532,
    560,
    665,
    666,
    691,
    741,
    750,
    778,
    785,
    793,
    808,
    836,
    862
  ],
  "regressed_indices": [
    184,
    232,
    320,
    479,
    649
  ],
  "recovered_count": 15,
  "regressed_count": 5
}
