{
  "layer": 2,
  "alpha": -1.0,
  "baseline_accuracy": 0.5089887640449439,
  "intervention_accuracy": 0.5314606741573034,
  "delta_accuracy": 0.022471910112359494,
  "recovery_rate": 0.02696629213483146,
  "regression_rate": 0.0044943820224719105,
  "baseline_correct_count": 453,
  "intervention_correct_count": 473,
  "baseline_total": 890,
  "intervention_total": 890,
  "baseline_false_count": 437,
  "baseline_false_intervention_correct": 24,
  "baseline_false_intervention_accuracy": 0.05491990846681922,
  "baseline_true_count": 453,
  "baseline_true_intervention_correct": 449,
  "baseline_true_intervention_accuracy": 0.9911699779249448,
  "recovered_indices": [
    454,
    477,
    497,
    500,
    532,
    538,
    573,
    662,
    666,
    701,
    739,
    750,
    751,
    778,
    785,
    789,
    793,
    825,
    832,
    836,
    876,
    877,
    881,
    887
  ],
  "regressed_indices": [
    232,
    344,
    479,
    880
  ],
  "recovered_count": 24,
  "regressed_count": 4
}
