{
  "layer": 9,
  "alpha": -1.0,
  "baseline_accuracy": 0.5089887640449439,
  "intervention_accuracy": 0.5247191011235955,
  "delta_accuracy": 0.01573033707865168,
  "recovery_rate": 0.029213483146067417,
  "regression_rate": 0.01348314606741573,
  "baseline_correct_count": 453,
  "intervention_correct_count": 467,
  "baseline_total": 890,
  "intervention_total": 890,
  "baseline_false_count": 437,
  "baseline_false_intervention_correct": 26,
  "baseline_false_intervention_accuracy": 0.059496567505720827,
  "baseline_true_count": 453,
  "baseline_true_intervention_correct": 441,
  "baseline_true_intervention_accuracy": 0.9735099337748344,
  "recovered_indices": [
    446,
    455,
    459,
    466,
    497,
    498,
    532,
    538,
    548,
    549,
    613,
    675,
    701,
    713,
    746,
    785,
    789,
    793,
    824,
    825,
    828,
    846,
    862,
    876,
    878,
    888
  ],
  "regressed_indices": [
    10,
    27,
    60,
    317,
    344,
    404,
    439,
    489,
    649,
    804,
    833,
    880
  ],
  "recovered_count": 26,
  "regressed_count": 12
}
