{
  "layer": 7,
  "alpha": 1.0,
  "baseline_accuracy": 0.5089887640449439,
  "intervention_accuracy": 0.5483146067415731,
  "delta_accuracy": 0.0393258426966292,
  "recovery_rate": 0.05056179775280899,
  "regression_rate": 0.011235955056179775,
  "baseline_correct_count": 453,
  "intervention_correct_count": 488,
  "baseline_total": 890,
  "intervention_total": 890,
  "baseline_false_count": 437,
  "baseline_false_intervention_correct": 45,
  "baseline_false_intervention_accuracy": 0.10297482837528604,
  "baseline_true_count": 453,
  "baseline_true_intervention_correct": 443,
  "baseline_true_intervention_accuracy": 0.977924944812362,
  "recovered_indices": [
    454,
    475,
    490,
    497,
    500,
    503,
    529,
    532,
    535,
    559,
    560,
    570,
    573,
    574,
    575,
    591,
    596,
    597,
    613,
    619,
    631,
    645,
    650,
    651,
    654,
    666,
    693,
    706,
    708,
    715,
    717,
    741,
    748,
    751,
    800,
    808,
    814,
    823,
    824,
    832,
    836,
    864,
    869,
    873,
    876
  ],
  "regressed_indices": [
    113,
    184,
    232,
    260,
    317,
    479,
    632,
    649,
    714,
    833
  ],
  "recovered_count": 45,
  "regressed_count": 10
}
