{
  "layer": 10,
  "alpha": -1.0,
  "baseline_accuracy": 0.5089887640449439,
  "intervention_accuracy": 0.5213483146067416,
  "delta_accuracy": 0.012359550561797716,
  "recovery_rate": 0.025842696629213482,
  "regression_rate": 0.01348314606741573,
  "baseline_correct_count": 453,
  "intervention_correct_count": 464,
  "baseline_total": 890,
  "intervention_total": 890,
  "baseline_false_count": 437,
  "baseline_false_intervention_correct": 23,
  "baseline_false_intervention_accuracy": 0.05263157894736842,
  "baseline_true_count": 453,
  "baseline_true_intervention_correct": 441,
  "baseline_true_intervention_accuracy": 0.9735099337748344,
  "recovered_indices": [
    267,
    455,
    459,
    466,
    532,
    547,
    549,
    560,
    596,
    663,
    676,
    701,
    713,
    738,
    751,
    772,
    789,
    793,
    828,
    836,
    857,
    876,
    888
  ],
  "regressed_indices": [
    19,
    86,
    121,
    298,
    317,
    344,
    380,
    421,
    489,
    804,
    833,
    880
  ],
  "recovered_count": 23,
  "regressed_count": 12
}
