{
  "layer": 1,
  "alpha": -1.0,
  "baseline_accuracy": 0.5089887640449439,
  "intervention_accuracy": 0.5292134831460674,
  "delta_accuracy": 0.020224719101123556,
  "recovery_rate": 0.033707865168539325,
  "regression_rate": 0.01348314606741573,
  "baseline_correct_count": 453,
  "intervention_correct_count": 471,
  "baseline_total": 890,
  "intervention_total": 890,
  "baseline_false_count": 437,
  "baseline_false_intervention_correct": 30,
  "baseline_false_intervention_accuracy": 0.06864988558352403,
  "baseline_true_count": 453,
  "baseline_true_intervention_correct": 441,
  "baseline_true_intervention_accuracy": 0.9735099337748344,
  "recovered_indices": [
    267,
    477,
    504,
    541,
    545,
    560,
    573,
    662,
    666,
    691,
    701,
    710,
    729,
    745,
    750,
    751,
    758,
    778,
    785,
    786,
    789,
    793,
    799,
    814,
    825,
    831,
    836,
    862,
    876,
    877
  ],
  "regressed_indices": [
    37,
    232,
    317,
    320,
    344,
    408,
    632,
    649,
    681,
    804,
    833,
    880
  ],
  "recovered_count": 30,
  "regressed_count": 12
}
