{
  "layer": 2,
  "alpha": 1.0,
  "baseline_accuracy": 0.5089887640449439,
  "intervention_accuracy": 0.5134831460674157,
  "delta_accuracy": 0.004494382022471877,
  "recovery_rate": 0.014606741573033709,
  "regression_rate": 0.010112359550561797,
  "baseline_correct_count": 453,
  "intervention_correct_count": 457,
  "baseline_total": 890,
  "intervention_total": 890,
  "baseline_false_count": 437,
  "baseline_false_intervention_correct": 13,
  "baseline_false_intervention_accuracy": 0.029748283752860413,
  "baseline_true_count": 453,
  "baseline_true_intervention_correct": 444,
  "baseline_true_intervention_accuracy": 0.9801324503311258,
  "recovered_indices": [
    455,
    555,
    560,
    573,
    610,
    691,
    693,
    706,
    715,
    746,
    836,
    869,
    878
  ],
  "regressed_indices": [
    113,
    184,
    317,
    380,
    408,
    649,
    804,
    833,
    880
  ],
  "recovered_count": 13,
  "regressed_count": 9
}
