{
  "layer": 10,
  "alpha": 1.0,
  "baseline_accuracy": 0.5089887640449439,
  "intervention_accuracy": 0.5516853932584269,
  "delta_accuracy": 0.04269662921348305,
  "recovery_rate": 0.052808988764044947,
  "regression_rate": 0.010112359550561797,
  "baseline_correct_count": 453,
  "intervention_correct_count": 491,
  "baseline_total": 890,
  "intervention_total": 890,
  "baseline_false_count": 437,
  "baseline_false_intervention_correct": 47,
  "baseline_false_intervention_accuracy": 0.10755148741418764,
  "baseline_true_count": 453,
  "baseline_true_intervention_correct": 444,
  "baseline_true_intervention_accuracy": 0.9801324503311258,
  "recovered_indices": [
    454,
    463,
    475,
    478,
    487,
    500,
    503,
    512,
    530,
    533,
    545,
    559,
    570,
    573,
    581,
    583,
    591,
    593,
    597,
    613,
    636,
    650,
    651,
    654,
    655,
    665,
    666,
    675,
    691,
    693,
    708,
    710,
    715,
    717,
    730,
    739,
    741,
    750,
    751,
    786,
    808,
    824,
    832,
    862,
    873,
    877,
    881
  ],
  "regressed_indices": [
    113,
    184,
    232,
    320,
    331,
    632,
    649,
    714,
    833
  ],
  "recovered_count": 47,
  "regressed_count": 9
}
