{
  "layer": 11,
  "alpha": 1.0,
  "baseline_accuracy": 0.5089887640449439,
  "intervention_accuracy": 0.5449438202247191,
  "delta_accuracy": 0.035955056179775235,
  "recovery_rate": 0.0449438202247191,
  "regression_rate": 0.008988764044943821,
  "baseline_correct_count": 453,
  "intervention_correct_count": 485,
  "baseline_total": 890,
  "intervention_total": 890,
  "baseline_false_count": 437,
  "baseline_false_intervention_correct": 40,
  "baseline_false_intervention_accuracy": 0.09153318077803203,
  "baseline_true_count": 453,
  "baseline_true_intervention_correct": 445,
  "baseline_true_intervention_accuracy": 0.9823399558498896,
  "recovered_indices": [
    446,
    463,
    478,
    485,
    487,
    497,
    500,
    508,
    530,
    541,
    570,
    573,
    591,
    607,
    613,
    636,
    651,
    665,
    666,
    675,
    678,
    691,
    693,
    708,
    710,
    715,
    717,
    730,
    739,
    741,
    750,
    751,
    778,
    808,
    824,
    862,
    873,
    874,
    877,
    881
  ],
  "regressed_indices": [
    184,
    232,
    320,
    331,
    479,
    632,
    649,
    833
  ],
  "recovered_count": 40,
  "regressed_count": 8
}
