{
  "layer": 13,
  "alpha": 1.0,
  "baseline_accuracy": 0.5089887640449439,
  "intervention_accuracy": 0.5292134831460674,
  "delta_accuracy": 0.020224719101123556,
  "recovery_rate": 0.025842696629213482,
  "regression_rate": 0.0056179775280898875,
  "baseline_correct_count": 453,
  "intervention_correct_count": 471,
  "baseline_total": 890,
  "intervention_total": 890,
  "baseline_false_count": 437,
  "baseline_false_intervention_correct": 23,
  "baseline_false_intervention_accuracy": 0.05263157894736842,
  "baseline_true_count": 453,
  "baseline_true_intervention_correct": 448,
  "baseline_true_intervention_accuracy": 0.9889624724061811,
  "recovered_indices": [
    267,
    446,
    478,
    500,
    560,
    573,
    636,
    650,
    665,
    691,
    708,
    710,
    739,
    741,
    751,
    778,
    785,
    808,
    824,
    832,
    862,
    873,
    877
  ],
  "regressed_indices": [
    184,
    232,
    320,
    479,
    833
  ],
  "recovered_count": 23,
  "regressed_count": 5
}
