{
  "layer": 12,
  "alpha": -1.0,
  "baseline_accuracy": 0.5089887640449439,
  "intervention_accuracy": 0.5191011235955056,
  "delta_accuracy": 0.010112359550561778,
  "recovery_rate": 0.015730337078651686,
  "regression_rate": 0.0056179775280898875,
  "baseline_correct_count": 453,
  "intervention_correct_count": 462,
  "baseline_total": 890,
  "intervention_total": 890,
  "baseline_false_count": 437,
  "baseline_false_intervention_correct": 14,
  "baseline_false_intervention_accuracy": 0.032036613272311214,
  "baseline_true_count": 453,
  "baseline_true_intervention_correct": 448,
  "baseline_true_intervention_accuracy": 0.9889624724061811,
  "recovered_indices": [
    267,
    455,
    532,
    548,
    560,
    610,
    635,
    701,
    713,
    772,
    789,
    828,
    876,
    881
  ],
  "regressed_indices": [
    317,
    344,
    489,
    804,
    880
  ],
  "recovered_count": 14,
  "regressed_count": 5
}
