{
  "layer": 12,
  "alpha": 1.0,
  "baseline_accuracy": 0.5089887640449439,
  "intervention_accuracy": 0.5337078651685393,
  "delta_accuracy": 0.024719101123595433,
  "recovery_rate": 0.03258426966292135,
  "regression_rate": 0.007865168539325843,
  "baseline_correct_count": 453,
  "intervention_correct_count": 475,
  "baseline_total": 890,
  "intervention_total": 890,
  "baseline_false_count": 437,
  "baseline_false_intervention_correct": 29,
  "baseline_false_intervention_accuracy": 0.06636155606407322,
  "baseline_true_count": 453,
  "baseline_true_intervention_correct": 446,
  "baseline_true_intervention_accuracy": 0.9845474613686535,
  "recovered_indices": [
    446,
    478,
    497,
    500,
    508,
    530,
    570,
    573,
    636,
    650,
    651,
    665,
    691,
    693,
    708,
    710,
    739,
    741,
    750,
    751,
    778,
    785,
    793,
    808,
    824,
    832,
    836,
    862,
    874
  ],
  "regressed_indices": [
    113,
    184,
    232,
    320,
    479,
    632,
    649
  ],
  "recovered_count": 29,
  "regressed_count": 7
}
