{
  "layer": 3,
  "alpha": -1.0,
  "baseline_accuracy": 0.5089887640449439,
  "intervention_accuracy": 0.5292134831460674,
  "delta_accuracy": 0.020224719101123556,
  "recovery_rate": 0.02696629213483146,
  "regression_rate": 0.006741573033707865,
  "baseline_correct_count": 453,
  "intervention_correct_count": 471,
  "baseline_total": 890,
  "intervention_total": 890,
  "baseline_false_count": 437,
  "baseline_false_intervention_correct": 24,
  "baseline_false_intervention_accuracy": 0.05491990846681922,
  "baseline_true_count": 453,
  "baseline_true_intervention_correct": 447,
  "baseline_true_intervention_accuracy": 0.9867549668874173,
  "recovered_indices": [
    267,
    459,
    477,
    497,
    500,
    545,
    548,
    573,
    577,
    666,
    701,
    715,
    750,
    751,
    752,
    785,
    793,
    825,
    828,
    840,
    873,
    876,
    877,
    881
  ],
  "regressed_indices": [
    232,
    317,
    344,
    649,
    681,
    880
  ],
  "recovered_count": 24,
  "regressed_count": 6
}
