{
  "layer": 6,
  "alpha": 1.0,
  "baseline_accuracy": 0.5089887640449439,
  "intervention_accuracy": 0.5292134831460674,
  "delta_accuracy": 0.020224719101123556,
  "recovery_rate": 0.03146067415730337,
  "regression_rate": 0.011235955056179775,
  "baseline_correct_count": 453,
  "intervention_correct_count": 471,
  "baseline_total": 890,
  "intervention_total": 890,
  "baseline_false_count": 437,
  "baseline_false_intervention_correct": 28,
  "baseline_false_intervention_accuracy": 0.06407322654462243,
  "baseline_true_count": 453,
  "baseline_true_intervention_correct": 443,
  "baseline_true_intervention_accuracy": 0.977924944812362,
  "recovered_indices": [
    490,
    497,
    503,
    532,
    541,
    559,
    560,
    570,
    575,
    597,
    598,
    619,
    623,
    645,
    666,
    693,
    739,
    741,
    751,
    800,
    814,
    824,
    862,
    864,
    869,
    873,
    876,
    878
  ],
  "regressed_indices": [
    113,
    184,
    194,
    232,
    317,
    479,
    632,
    649,
    714,
    833
  ],
  "recovered_count": 28,
  "regressed_count": 10
}
