{
  "layer": 0,
  "alpha": 1.0,
  "baseline_accuracy": 0.5089887640449439,
  "intervention_accuracy": 0.5292134831460674,
  "delta_accuracy": 0.020224719101123556,
  "recovery_rate": 0.028089887640449437,
  "regression_rate": 0.007865168539325843,
  "baseline_correct_count": 453,
  "intervention_correct_count": 471,
  "baseline_total": 890,
  "intervention_total": 890,
  "baseline_false_count": 437,
  "baseline_false_intervention_correct": 25,
  "baseline_false_intervention_accuracy": 0.057208237986270026,
  "baseline_true_count": 453,
  "baseline_true_intervention_correct": 446,
  "baseline_true_intervention_accuracy": 0.9845474613686535,
  "recovered_indices": [
    530,
    541,
    548,
    559,
    573,
    589,
    598,
    636,
    651,
    675,
    715,
    739,
    741,
    750,
    751,
    762,
    785,
    836,
    843,
    862,
    873,
    874,
    878,
    881,
    888
  ],
  "regressed_indices": [
    113,
    232,
    320,
    408,
    649,
    681,
    714
  ],
  "recovered_count": 25,
  "regressed_count": 7
}
