{
  "layer": 13,
  "alpha": -1.0,
  "baseline_accuracy": 0.7531380753138075,
  "intervention_accuracy": 0.7615062761506276,
  "delta_accuracy": 0.008368200836820106,
  "recovery_rate": 0.02510460251046025,
  "regression_rate": 0.016736401673640166,
  "baseline_correct_count": 360,
  "intervention_correct_count": 364,
  "baseline_total": 478,
  "intervention_total": 478,
  "baseline_false_count": 118,
  "baseline_false_intervention_correct": 12,
  "baseline_false_intervention_accuracy": 0.1016949152542373,
  "baseline_true_count": 360,
  "baseline_true_intervention_correct": 352,
  "baseline_true_intervention_accuracy": 0.9777777777777777,
  "recovered_indices": [
    70,
    96,
    176,
    196,
    203,
    238,
    258,
    265,
    356,
    381,
    400,
    469
  ],
  "regressed_indices": [
    17,
    49,
    178,
    209,
    239,
    252,
    337,
    440
  ],
  "recovered_count": 12,
  "regressed_count": 8
}
