{
  "layer": 14,
  "alpha": 1.0,
  "baseline_accuracy": 0.7531380753138075,
  "intervention_accuracy": 0.7426778242677824,
  "delta_accuracy": -0.010460251046025104,
  "recovery_rate": 0.01882845188284519,
  "regression_rate": 0.029288702928870293,
  "baseline_correct_count": 360,
  "intervention_correct_count": 355,
  "baseline_total": 478,
  "intervention_total": 478,
  "baseline_false_count": 118,
  "baseline_false_intervention_correct": 9,
  "baseline_false_intervention_accuracy": 0.07627118644067797,
  "baseline_true_count": 360,
  "baseline_true_intervention_correct": 346,
  "baseline_true_intervention_accuracy": 0.9611111111111111,
  "recovered_indices": [
    11,
    96,
    130,
    171,
    187,
    306,
    365,
    433,
    442
  ],
  "regressed_indices": [
    21,
    101,
    167,
    178,
    207,
    211,
    222,
    260,
    305,
    308,
    311,
    337,
    416,
    458
  ],
  "recovered_count": 9,
  "regressed_count": 14
}
