{
  "layer": 11,
  "alpha": 1.0,
  "baseline_accuracy": 0.7531380753138075,
  "intervention_accuracy": 0.7405857740585774,
  "delta_accuracy": -0.012552301255230103,
  "recovery_rate": 0.029288702928870293,
  "regression_rate": 0.04184100418410042,
  "baseline_correct_count": 360,
  "intervention_correct_count": 354,
  "baseline_total": 478,
  "intervention_total": 478,
  "baseline_false_count": 118,
  "baseline_false_intervention_correct": 14,
  "baseline_false_intervention_accuracy": 0.11864406779661017,
  "baseline_true_count": 360,
  "baseline_true_intervention_correct": 340,
  "baseline_true_intervention_accuracy": 0.9444444444444444,
  "recovered_indices": [
    11,
    52,
    130,
    138,
    171,
    187,
    238,
    278,
    306,
    365,
    381,
    400,
    433,
    444
  ],
  "regressed_indices": [
    37,
    47,
    68,
    73,
    108,
    147,
    167,
    178,
    204,
    207,
    211,
    213,
    311,
    328,
    332,
    337,
    344,
    352,
    368,
    416
  ],
  "recovered_count": 14,
  "regressed_count": 20
}
