{
  "layer": 12,
  "alpha": 1.0,
  "baseline_accuracy": 0.7531380753138075,
  "intervention_accuracy": 0.7343096234309623,
  "delta_accuracy": -0.01882845188284521,
  "recovery_rate": 0.029288702928870293,
  "regression_rate": 0.04811715481171548,
  "baseline_correct_count": 360,
  "intervention_correct_count": 351,
  "baseline_total": 478,
  "intervention_total": 478,
  "baseline_false_count": 118,
  "baseline_false_intervention_correct": 14,
  "baseline_false_intervention_accuracy": 0.11864406779661017,
  "baseline_true_count": 360,
  "baseline_true_intervention_correct": 337,
  "baseline_true_intervention_accuracy": 0.9361111111111111,
  "recovered_indices": [
    11,
    130,
    138,
    171,
    187,
    306,
    309,
    365,
    378,
    400,
    402,
    433,
    442,
    444
  ],
  "regressed_indices": [
    37,
    47,
    60,
    73,
    101,
    108,
    167,
    177,
    178,
    207,
    211,
    213,
    311,
    332,
    337,
    354,
    368,
    387,
    401,
    407,
    416,
    429,
    432
  ],
  "recovered_count": 14,
  "regressed_count": 23
}
