{
  "layer": 1,
  "alpha": -1.0,
  "baseline_accuracy": 0.7531380753138075,
  "intervention_accuracy": 0.7510460251046025,
  "delta_accuracy": -0.0020920502092049986,
  "recovery_rate": 0.0397489539748954,
  "regression_rate": 0.04184100418410042,
  "baseline_correct_count": 360,
  "intervention_correct_count": 359,
  "baseline_total": 478,
  "intervention_total": 478,
  "baseline_false_count": 118,
  "baseline_false_intervention_correct": 19,
  "baseline_false_intervention_accuracy": 0.16101694915254236,
  "baseline_true_count": 360,
  "baseline_true_intervention_correct": 340,
  "baseline_true_intervention_accuracy": 0.9444444444444444,
  "recovered_indices": [
    11,
    75,
    96,
    126,
    138,
    154,
    176,
    203,
    223,
    257,
    258,
    265,
    307,
    356,
    359,
    365,
    433,
    445,
    469
  ],
  "regressed_indices": [
    21,
    60,
    132,
    143,
    177,
    178,
    195,
    207,
    209,
    211,
    222,
    262,
    282,
    299,
    305,
    308,
    337,
    379,
    432,
    464
  ],
  "recovered_count": 19,
  "regressed_count": 20
}
