{
  "layer": 13,
  "alpha": 1.0,
  "baseline_accuracy": 0.7531380753138075,
  "intervention_accuracy": 0.7468619246861925,
  "delta_accuracy": -0.006276150627614996,
  "recovery_rate": 0.027196652719665274,
  "regression_rate": 0.03347280334728033,
  "baseline_correct_count": 360,
  "intervention_correct_count": 357,
  "baseline_total": 478,
  "intervention_total": 478,
  "baseline_false_count": 118,
  "baseline_false_intervention_correct": 13,
  "baseline_false_intervention_accuracy": 0.11016949152542373,
  "baseline_true_count": 360,
  "baseline_true_intervention_correct": 344,
  "baseline_true_intervention_accuracy": 0.9555555555555556,
  "recovered_indices": [
    10,
    11,
    52,
    96,
    130,
    171,
    187,
    257,
    306,
    365,
    433,
    442,
    445
  ],
  "regressed_indices": [
    37,
    101,
    167,
    177,
    178,
    207,
    211,
    222,
    252,
    260,
    308,
    311,
    332,
    368,
    407,
    416
  ],
  "recovered_count": 13,
  "regressed_count": 16
}
