{
  "layer": 2,
  "alpha": 1.0,
  "baseline_accuracy": 0.7531380753138075,
  "intervention_accuracy": 0.7782426778242678,
  "delta_accuracy": 0.025104602510460317,
  "recovery_rate": 0.04811715481171548,
  "regression_rate": 0.02301255230125523,
  "baseline_correct_count": 360,
  "intervention_correct_count": 372,
  "baseline_total": 478,
  "intervention_total": 478,
  "baseline_false_count": 118,
  "baseline_false_intervention_correct": 23,
  "baseline_false_intervention_accuracy": 0.19491525423728814,
  "baseline_true_count": 360,
  "baseline_true_intervention_correct": 349,
  "baseline_true_intervention_accuracy": 0.9694444444444444,
  "recovered_indices": [
    10,
    11,
    54,
    96,
    124,
    130,
    138,
    163,
    171,
    176,
    196,
    203,
    253,
    257,
    258,
    264,
    265,
    280,
    365,
    381,
    402,
    413,
    445
  ],
  "regressed_indices": [
    21,
    101,
    167,
    209,
    230,
    252,
    305,
    337,
    416,
    441,
    473
  ],
  "recovered_count": 23,
  "regressed_count": 11
}
