{
  "layer": 7,
  "alpha": 1.0,
  "baseline_accuracy": 0.7531380753138075,
  "intervention_accuracy": 0.7698744769874477,
  "delta_accuracy": 0.01673640167364021,
  "recovery_rate": 0.05439330543933055,
  "regression_rate": 0.03765690376569038,
  "baseline_correct_count": 360,
  "intervention_correct_count": 368,
  "baseline_total": 478,
  "intervention_total": 478,
  "baseline_false_count": 118,
  "baseline_false_intervention_correct": 26,
  "baseline_false_intervention_accuracy": 0.22033898305084745,
  "baseline_true_count": 360,
  "baseline_true_intervention_correct": 342,
  "baseline_true_intervention_accuracy": 0.95,
  "recovered_indices": [
    10,
    11,
    20,
    52,
    75,
    114,
    124,
    126,
    130,
    162,
    171,
    176,
    187,
    203,
    237,
    238,
    253,
    257,
    258,
    265,
    278,
    291,
    341,
    400,
    442,
    469
  ],
  "regressed_indices": [
    68,
    101,
    167,
    178,
    199,
    207,
    209,
    211,
    222,
    305,
    308,
    337,
    344,
    361,
    379,
    387,
    401,
    463
  ],
  "recovered_count": 26,
  "regressed_count": 18
}
