{
  "layer": 5,
  "alpha": -1.0,
  "baseline_accuracy": 0.7531380753138075,
  "intervention_accuracy": 0.7447698744769874,
  "delta_accuracy": -0.008368200836820106,
  "recovery_rate": 0.016736401673640166,
  "regression_rate": 0.02510460251046025,
  "baseline_correct_count": 360,
  "intervention_correct_count": 356,
  "baseline_total": 478,
  "intervention_total": 478,
  "baseline_false_count": 118,
  "baseline_false_intervention_correct": 8,
  "baseline_false_intervention_accuracy": 0.06779661016949153,
  "baseline_true_count": 360,
  "baseline_true_intervention_correct": 348,
  "baseline_true_intervention_accuracy": 0.9666666666666667,
  "recovered_indices": [
    96,
    171,
    206,
    258,
    345,
    378,
    413,
    442
  ],
  "regressed_indices": [
    49,
    60,
    167,
    177,
    207,
    209,
    236,
    239,
    252,
    311,
    379,
    416
  ],
  "recovered_count": 8,
  "regressed_count": 12
}
