{
  "layer": 9,
  "alpha": 1.0,
  "baseline_accuracy": 0.7531380753138075,
  "intervention_accuracy": 0.700836820083682,
  "delta_accuracy": -0.05230125523012552,
  "recovery_rate": 0.043933054393305436,
  "regression_rate": 0.09623430962343096,
  "baseline_correct_count": 360,
  "intervention_correct_count": 335,
  "baseline_total": 478,
  "intervention_total": 478,
  "baseline_false_count": 118,
  "baseline_false_intervention_correct": 21,
  "baseline_false_intervention_accuracy": 0.17796610169491525,
  "baseline_true_count": 360,
  "baseline_true_intervention_correct": 314,
  "baseline_true_intervention_accuracy": 0.8722222222222222,
  "recovered_indices": [
    10,
    11,
    52,
    56,
    124,
    171,
    180,
    238,
    249,
    258,
    265,
    278,
    306,
    345,
    356,
    365,
    381,
    383,
    400,
    402,
    433
  ],
  "regressed_indices": [
    21,
    29,
    31,
    38,
    41,
    57,
    60,
    73,
    78,
    108,
    121,
    150,
    167,
    177,
    178,
    199,
    209,
    211,
    213,
    215,
    222,
    230,
    239,
    241,
    262,
    305,
    311,
    322,
    332,
    337,
    344,
    353,
    361,
    363,
    368,
    377,
    379,
    387,
    401,
    407,
    416,
    432,
    439,
    441,
    461,
    465
  ],
  "recovered_count": 21,
  "regressed_count": 46
}
