{
  "layer": 6,
  "alpha": 1.0,
  "baseline_accuracy": 0.7531380753138075,
  "intervention_accuracy": 0.7719665271966527,
  "delta_accuracy": 0.01882845188284521,
  "recovery_rate": 0.05230125523012552,
  "regression_rate": 0.03347280334728033,
  "baseline_correct_count": 360,
  "intervention_correct_count": 369,
  "baseline_total": 478,
  "intervention_total": 478,
  "baseline_false_count": 118,
  "baseline_false_intervention_correct": 25,
  "baseline_false_intervention_accuracy": 0.211864406779661,
  "baseline_true_count": 360,
  "baseline_true_intervention_correct": 344,
  "baseline_true_intervention_accuracy": 0.9555555555555556,
  "recovered_indices": [
    10,
    11,
    70,
    113,
    126,
    130,
    162,
    163,
    176,
    187,
    196,
    203,
    238,
    253,
    257,
    258,
    278,
    291,
    356,
    400,
    402,
    403,
    413,
    442,
    445
  ],
  "regressed_indices": [
    13,
    21,
    101,
    178,
    207,
    211,
    222,
    305,
    308,
    337,
    379,
    401,
    407,
    432,
    439,
    463
  ],
  "recovered_count": 25,
  "regressed_count": 16
}
