{
  "layer": 3,
  "alpha": -1.0,
  "baseline_accuracy": 0.7531380753138075,
  "intervention_accuracy": 0.7280334728033473,
  "delta_accuracy": -0.025104602510460206,
  "recovery_rate": 0.01882845188284519,
  "regression_rate": 0.043933054393305436,
  "baseline_correct_count": 360,
  "intervention_correct_count": 348,
  "baseline_total": 478,
  "intervention_total": 478,
  "baseline_false_count": 118,
  "baseline_false_intervention_correct": 9,
  "baseline_false_intervention_accuracy": 0.07627118644067797,
  "baseline_true_count": 360,
  "baseline_true_intervention_correct": 339,
  "baseline_true_intervention_accuracy": 0.9416666666666667,
  "recovered_indices": [
    11,
    130,
    138,
    196,
    233,
    264,
    265,
    345,
    413
  ],
  "regressed_indices": [
    21,
    60,
    101,
    177,
    178,
    199,
    207,
    209,
    222,
    239,
    252,
    308,
    311,
    337,
    354,
    360,
    368,
    377,
    387,
    401,
    429
  ],
  "recovered_count": 9,
  "regressed_count": 21
}
