{
  "layer": 3,
  "alpha": 1.0,
  "baseline_accuracy": 0.7531380753138075,
  "intervention_accuracy": 0.7656903765690377,
  "delta_accuracy": 0.012552301255230214,
  "recovery_rate": 0.043933054393305436,
  "regression_rate": 0.03138075313807531,
  "baseline_correct_count": 360,
  "intervention_correct_count": 366,
  "baseline_total": 478,
  "intervention_total": 478,
  "baseline_false_count": 118,
  "baseline_false_intervention_correct": 21,
  "baseline_false_intervention_accuracy": 0.17796610169491525,
  "baseline_true_count": 360,
  "baseline_true_intervention_correct": 345,
  "baseline_true_intervention_accuracy": 0.9583333333333334,
  "recovered_indices": [
    11,
    84,
    96,
    131,
    138,
    163,
    176,
    203,
    237,
    253,
    257,
    258,
    278,
    356,
    359,
    365,
    381,
    383,
    402,
    433,
    445
  ],
  "regressed_indices": [
    21,
    60,
    97,
    101,
    195,
    209,
    252,
    262,
    305,
    337,
    344,
    407,
    432,
    441,
    463
  ],
  "recovered_count": 21,
  "regressed_count": 15
}
