{
  "layer": 11,
  "alpha": -1.0,
  "baseline_accuracy": 0.7531380753138075,
  "intervention_accuracy": 0.7384937238493724,
  "delta_accuracy": -0.014644351464435101,
  "recovery_rate": 0.02301255230125523,
  "regression_rate": 0.03765690376569038,
  "baseline_correct_count": 360,
  "intervention_correct_count": 353,
  "baseline_total": 478,
  "intervention_total": 478,
  "baseline_false_count": 118,
  "baseline_false_intervention_correct": 11,
  "baseline_false_intervention_accuracy": 0.09322033898305085,
  "baseline_true_count": 360,
  "baseline_true_intervention_correct": 342,
  "baseline_true_intervention_accuracy": 0.95,
  "recovered_indices": [
    163,
    176,
    196,
    203,
    258,
    280,
    356,
    413,
    442,
    445,
    469
  ],
  "regressed_indices": [
    17,
    21,
    101,
    102,
    178,
    195,
    222,
    230,
    239,
    252,
    308,
    311,
    337,
    367,
    373,
    407,
    432,
    463
  ],
  "recovered_count": 11,
  "regressed_count": 18
}
