{
  "layer": 2,
  "alpha": -1.0,
  "baseline_accuracy": 0.7531380753138075,
  "intervention_accuracy": 0.7175732217573222,
  "delta_accuracy": -0.03556485355648531,
  "recovery_rate": 0.02301255230125523,
  "regression_rate": 0.058577405857740586,
  "baseline_correct_count": 360,
  "intervention_correct_count": 343,
  "baseline_total": 478,
  "intervention_total": 478,
  "baseline_false_count": 118,
  "baseline_false_intervention_correct": 11,
  "baseline_false_intervention_accuracy": 0.09322033898305085,
  "baseline_true_count": 360,
  "baseline_true_intervention_correct": 332,
  "baseline_true_intervention_accuracy": 0.9222222222222223,
  "recovered_indices": [
    11,
    96,
    126,
    191,
    223,
    258,
    265,
    306,
    307,
    381,
    402
  ],
  "regressed_indices": [
    21,
    91,
    101,
    167,
    177,
    178,
    195,
    207,
    209,
    222,
    239,
    241,
    252,
    262,
    308,
    311,
    318,
    328,
    337,
    361,
    364,
    377,
    379,
    387,
    401,
    429,
    432,
    440
  ],
  "recovered_count": 11,
  "regressed_count": 28
}
