{
  "layer": 8,
  "alpha": 1.0,
  "baseline_accuracy": 0.7531380753138075,
  "intervention_accuracy": 0.7447698744769874,
  "delta_accuracy": -0.008368200836820106,
  "recovery_rate": 0.0502092050209205,
  "regression_rate": 0.058577405857740586,
  "baseline_correct_count": 360,
  "intervention_correct_count": 356,
  "baseline_total": 478,
  "intervention_total": 478,
  "baseline_false_count": 118,
  "baseline_false_intervention_correct": 24,
  "baseline_false_intervention_accuracy": 0.2033898305084746,
  "baseline_true_count": 360,
  "baseline_true_intervention_correct": 332,
  "baseline_true_intervention_accuracy": 0.9222222222222223,
  "recovered_indices": [
    10,
    11,
    20,
    52,
    54,
    124,
    131,
    163,
    171,
    176,
    180,
    187,
    223,
    238,
    253,
    257,
    258,
    278,
    306,
    383,
    400,
    402,
    445,
    469
  ],
  "regressed_indices": [
    38,
    41,
    60,
    68,
    73,
    101,
    108,
    147,
    167,
    177,
    207,
    209,
    211,
    222,
    230,
    239,
    262,
    305,
    311,
    328,
    337,
    344,
    352,
    353,
    361,
    387,
    416,
    461
  ],
  "recovered_count": 24,
  "regressed_count": 28
}
