{
  "layer": 10,
  "alpha": -1.0,
  "baseline_accuracy": 0.7531380753138075,
  "intervention_accuracy": 0.7364016736401674,
  "delta_accuracy": -0.0167364016736401,
  "recovery_rate": 0.04602510460251046,
  "regression_rate": 0.06276150627615062,
  "baseline_correct_count": 360,
  "intervention_correct_count": 352,
  "baseline_total": 478,
  "intervention_total": 478,
  "baseline_false_count": 118,
  "baseline_false_intervention_correct": 22,
  "baseline_false_intervention_accuracy": 0.1864406779661017,
  "baseline_true_count": 360,
  "baseline_true_intervention_correct": 330,
  "baseline_true_intervention_accuracy": 0.9166666666666666,
  "recovered_indices": [
    96,
    113,
    126,
    130,
    176,
    191,
    196,
    203,
    238,
    253,
    256,
    258,
    280,
    306,
    378,
    389,
    403,
    413,
    433,
    442,
    467,
    469
  ],
  "regressed_indices": [
    17,
    49,
    60,
    101,
    102,
    118,
    177,
    178,
    195,
    207,
    209,
    222,
    239,
    252,
    260,
    300,
    311,
    322,
    337,
    354,
    367,
    373,
    375,
    384,
    387,
    401,
    432,
    440,
    458,
    473
  ],
  "recovered_count": 22,
  "regressed_count": 30
}
