{
  "layer": 5,
  "alpha": 1.0,
  "baseline_accuracy": 0.7531380753138075,
  "intervention_accuracy": 0.7510460251046025,
  "delta_accuracy": -0.0020920502092049986,
  "recovery_rate": 0.04184100418410042,
  "regression_rate": 0.043933054393305436,
  "baseline_correct_count": 360,
  "intervention_correct_count": 359,
  "baseline_total": 478,
  "intervention_total": 478,
  "baseline_false_count": 118,
  "baseline_false_intervention_correct": 20,
  "baseline_false_intervention_accuracy": 0.1694915254237288,
  "baseline_true_count": 360,
  "baseline_true_intervention_correct": 339,
  "baseline_true_intervention_accuracy": 0.9416666666666667,
  "recovered_indices": [
    11,
    52,
    96,
    113,
    126,
    130,
    163,
    176,
    187,
    191,
    196,
    253,
    257,
    258,
    280,
    365,
    400,
    402,
    413,
    445
  ],
  "regressed_indices": [
    13,
    21,
    31,
    49,
    60,
    68,
    101,
    178,
    207,
    299,
    305,
    308,
    311,
    337,
    379,
    401,
    407,
    432,
    439,
    440,
    463
  ],
  "recovered_count": 20,
  "regressed_count": 21
}
