{
  "layer": 1,
  "alpha": 1.0,
  "baseline_accuracy": 0.7531380753138075,
  "intervention_accuracy": 0.7384937238493724,
  "delta_accuracy": -0.014644351464435101,
  "recovery_rate": 0.02510460251046025,
  "regression_rate": 0.0397489539748954,
  "baseline_correct_count": 360,
  "intervention_correct_count": 353,
  "baseline_total": 478,
  "intervention_total": 478,
  "baseline_false_count": 118,
  "baseline_false_intervention_correct": 12,
  "baseline_false_intervention_accuracy": 0.1016949152542373,
  "baseline_true_count": 360,
  "baseline_true_intervention_correct": 341,
  "baseline_true_intervention_accuracy": 0.9472222222222222,
  "recovered_indices": [
    11,
    113,
    114,
    163,
    253,
    258,
    264,
    378,
    393,
    402,
    433,
    445
  ],
  "regressed_indices": [
    60,
    101,
    167,
    207,
    209,
    222,
    239,
    262,
    305,
    308,
    311,
    328,
    337,
    340,
    344,
    432,
    435,
    463,
    473
  ],
  "recovered_count": 12,
  "regressed_count": 19
}
