{
  "layer": 8,
  "alpha": -1.0,
  "baseline_accuracy": 0.7531380753138075,
  "intervention_accuracy": 0.7238493723849372,
  "delta_accuracy": -0.029288702928870314,
  "recovery_rate": 0.03138075313807531,
  "regression_rate": 0.060669456066945605,
  "baseline_correct_count": 360,
  "intervention_correct_count": 346,
  "baseline_total": 478,
  "intervention_total": 478,
  "baseline_false_count": 118,
  "baseline_false_intervention_correct": 15,
  "baseline_false_intervention_accuracy": 0.1271186440677966,
  "baseline_true_count": 360,
  "baseline_true_intervention_correct": 331,
  "baseline_true_intervention_accuracy": 0.9194444444444444,
  "recovered_indices": [
    11,
    90,
    96,
    130,
    176,
    191,
    196,
    203,
    237,
    307,
    365,
    378,
    381,
    467,
    469
  ],
  "regressed_indices": [
    17,
    21,
    46,
    49,
    66,
    85,
    101,
    106,
    177,
    178,
    195,
    204,
    207,
    224,
    230,
    252,
    260,
    287,
    308,
    311,
    354,
    360,
    377,
    379,
    432,
    440,
    441,
    458,
    477
  ],
  "recovered_count": 15,
  "regressed_count": 29
}
