{
  "layer": 0,
  "alpha": 1.0,
  "baseline_accuracy": 0.7531380753138075,
  "intervention_accuracy": 0.7196652719665272,
  "delta_accuracy": -0.03347280334728031,
  "recovery_rate": 0.027196652719665274,
  "regression_rate": 0.060669456066945605,
  "baseline_correct_count": 360,
  "intervention_correct_count": 344,
  "baseline_total": 478,
  "intervention_total": 478,
  "baseline_false_count": 118,
  "baseline_false_intervention_correct": 13,
  "baseline_false_intervention_accuracy": 0.11016949152542373,
  "baseline_true_count": 360,
  "baseline_true_intervention_correct": 331,
  "baseline_true_intervention_accuracy": 0.9194444444444444,
  "recovered_indices": [
    11,
    54,
    70,
    130,
    176,
    258,
    264,
    291,
    356,
    413,
    433,
    445,
    469
  ],
  "regressed_indices": [
    9,
    49,
    73,
    101,
    107,
    167,
    207,
    209,
    211,
    222,
    224,
    230,
    239,
    252,
    272,
    305,
    308,
    311,
    318,
    337,
    340,
    361,
    384,
    401,
    416,
    432,
    439,
    441,
    463
  ],
  "recovered_count": 13,
  "regressed_count": 29
}
