{
  "layer": 12,
  "alpha": -1.0,
  "baseline_accuracy": 0.7531380753138075,
  "intervention_accuracy": 0.7510460251046025,
  "delta_accuracy": -0.0020920502092049986,
  "recovery_rate": 0.02510460251046025,
  "regression_rate": 0.027196652719665274,
  "baseline_correct_count": 360,
  "intervention_correct_count": 359,
  "baseline_total": 478,
  "intervention_total": 478,
  "baseline_false_count": 118,
  "baseline_false_intervention_correct": 12,
  "baseline_false_intervention_accuracy": 0.1016949152542373,
  "baseline_true_count": 360,
  "baseline_true_intervention_correct": 347,
  "baseline_true_intervention_accuracy": 0.9638888888888889,
  "recovered_indices": [
    176,
    191,
    196,
    203,
    257,
    258,
    280,
    381,
    403,
    413,
    445,
    469
  ],
  "regressed_indices": [
    17,
    85,
    100,
    102,
    178,
    222,
    239,
    252,
    308,
    311,
    337,
    440,
    441
  ],
  "recovered_count": 12,
  "regressed_count": 13
}
