{
  "layer": 7,
  "alpha": -1.0,
  "baseline_accuracy": 0.7531380753138075,
  "intervention_accuracy": 0.7112970711297071,
  "delta_accuracy": -0.04184100418410042,
  "recovery_rate": 0.014644351464435146,
  "regression_rate": 0.056485355648535567,
  "baseline_correct_count": 360,
  "intervention_correct_count": 340,
  "baseline_total": 478,
  "intervention_total": 478,
  "baseline_false_count": 118,
  "baseline_false_intervention_correct": 7,
  "baseline_false_intervention_accuracy": 0.059322033898305086,
  "baseline_true_count": 360,
  "baseline_true_intervention_correct": 333,
  "baseline_true_intervention_accuracy": 0.925,
  "recovered_indices": [
    11,
    307,
    365,
    381,
    402,
    413,
    445
  ],
  "regressed_indices": [
    37,
    49,
    60,
    106,
    147,
    167,
    177,
    195,
    207,
    209,
    220,
    224,
    230,
    236,
    239,
    252,
    305,
    308,
    311,
    328,
    337,
    354,
    429,
    432,
    435,
    441,
    473
  ],
  "recovered_count": 7,
  "regressed_count": 27
}
