{
  "layer": 0,
  "alpha": -1.0,
  "baseline_accuracy": 0.7531380753138075,
  "intervention_accuracy": 0.7468619246861925,
  "delta_accuracy": -0.006276150627614996,
  "recovery_rate": 0.043933054393305436,
  "regression_rate": 0.0502092050209205,
  "baseline_correct_count": 360,
  "intervention_correct_count": 357,
  "baseline_total": 478,
  "intervention_total": 478,
  "baseline_false_count": 118,
  "baseline_false_intervention_correct": 21,
  "baseline_false_intervention_accuracy": 0.17796610169491525,
  "baseline_true_count": 360,
  "baseline_true_intervention_correct": 336,
  "baseline_true_intervention_accuracy": 0.9333333333333333,
  "recovered_indices": [
    11,
    75,
    96,
    126,
    138,
    154,
    176,
    206,
    223,
    253,
    258,
    265,
    307,
    356,
    365,
    378,
    402,
    413,
    433,
    445,
    469
  ],
  "regressed_indices": [
    21,
    73,
    101,
    116,
    118,
    132,
    143,
    153,
    167,
    174,
    178,
    195,
    211,
    222,
    252,
    305,
    308,
    332,
    337,
    375,
    401,
    432,
    441,
    463
  ],
  "recovered_count": 21,
  "regressed_count": 24
}
