{
  "layer": 4,
  "alpha": 1.0,
  "baseline_accuracy": 0.7531380753138075,
  "intervention_accuracy": 0.7677824267782427,
  "delta_accuracy": 0.014644351464435212,
  "recovery_rate": 0.04184100418410042,
  "regression_rate": 0.027196652719665274,
  "baseline_correct_count": 360,
  "intervention_correct_count": 367,
  "baseline_total": 478,
  "intervention_total": 478,
  "baseline_false_count": 118,
  "baseline_false_intervention_correct": 20,
  "baseline_false_intervention_accuracy": 0.1694915254237288,
  "baseline_true_count": 360,
  "baseline_true_intervention_correct": 347,
  "baseline_true_intervention_accuracy": 0.9638888888888889,
  "recovered_indices": [
    11,
    96,
    126,
    130,
    138,
    163,
    176,
    196,
    237,
    253,
    257,
    258,
    264,
    280,
    293,
    356,
    365,
    402,
    413,
    445
  ],
  "regressed_indices": [
    21,
    31,
    49,
    60,
    101,
    167,
    207,
    299,
    305,
    311,
    337,
    432,
    463
  ],
  "recovered_count": 20,
  "regressed_count": 13
}
