{
  "layer": 10,
  "alpha": 1.0,
  "baseline_accuracy": 0.7531380753138075,
  "intervention_accuracy": 0.7196652719665272,
  "delta_accuracy": -0.03347280334728031,
  "recovery_rate": 0.03347280334728033,
  "regression_rate": 0.06694560669456066,
  "baseline_correct_count": 360,
  "intervention_correct_count": 344,
  "baseline_total": 478,
  "intervention_total": 478,
  "baseline_false_count": 118,
  "baseline_false_intervention_correct": 16,
  "baseline_false_intervention_accuracy": 0.13559322033898305,
  "baseline_true_count": 360,
  "baseline_true_intervention_correct": 328,
  "baseline_true_intervention_accuracy": 0.9111111111111111,
  "recovered_indices": [
    10,
    11,
    52,
    54,
    56,
    114,
    139,
    171,
    187,
    249,
    257,
    258,
    278,
    381,
    402,
    433
  ],
  "regressed_indices": [
    26,
    29,
    37,
    41,
    47,
    108,
    132,
    150,
    167,
    178,
    207,
    211,
    213,
    252,
    262,
    305,
    328,
    332,
    337,
    344,
    352,
    368,
    377,
    379,
    387,
    401,
    407,
    439,
    441,
    458,
    461,
    462
  ],
  "recovered_count": 16,
  "regressed_count": 32
}
