{
  "layer": 4,
  "alpha": -1.0,
  "baseline_accuracy": 0.7531380753138075,
  "intervention_accuracy": 0.7322175732217573,
  "delta_accuracy": -0.02092050209205021,
  "recovery_rate": 0.016736401673640166,
  "regression_rate": 0.03765690376569038,
  "baseline_correct_count": 360,
  "intervention_correct_count": 350,
  "baseline_total": 478,
  "intervention_total": 478,
  "baseline_false_count": 118,
  "baseline_false_intervention_correct": 8,
  "baseline_false_intervention_accuracy": 0.06779661016949153,
  "baseline_true_count": 360,
  "baseline_true_intervention_correct": 342,
  "baseline_true_intervention_accuracy": 0.95,
  "recovered_indices": [
    54,
    163,
    169,
    265,
    345,
    365,
    413,
    445
  ],
  "regressed_indices": [
    21,
    60,
    100,
    167,
    178,
    199,
    207,
    209,
    222,
    239,
    252,
    305,
    328,
    360,
    379,
    387,
    401,
    429
  ],
  "recovered_count": 8,
  "regressed_count": 18
}
