{
  "layer": 9,
  "alpha": -1.0,
  "baseline_accuracy": 0.7531380753138075,
  "intervention_accuracy": 0.7489539748953975,
  "delta_accuracy": -0.004184100418409997,
  "recovery_rate": 0.05230125523012552,
  "regression_rate": 0.056485355648535567,
  "baseline_correct_count": 360,
  "intervention_correct_count": 358,
  "baseline_total": 478,
  "intervention_total": 478,
  "baseline_false_count": 118,
  "baseline_false_intervention_correct": 25,
  "baseline_false_intervention_accuracy": 0.211864406779661,
  "baseline_true_count": 360,
  "baseline_true_intervention_correct": 333,
  "baseline_true_intervention_accuracy": 0.925,
  "recovered_indices": [
    11,
    84,
    96,
    113,
    126,
    176,
    191,
    196,
    203,
    233,
    237,
    256,
    258,
    264,
    265,
    280,
    293,
    296,
    389,
    402,
    433,
    442,
    445,
    467,
    469
  ],
  "regressed_indices": [
    17,
    21,
    37,
    60,
    85,
    101,
    102,
    178,
    195,
    207,
    224,
    252,
    308,
    311,
    318,
    326,
    337,
    352,
    354,
    373,
    377,
    384,
    401,
    432,
    440,
    441,
    458
  ],
  "recovered_count": 25,
  "regressed_count": 27
}
