{
  "layer": 6,
  "alpha": -1.0,
  "baseline_accuracy": 0.7531380753138075,
  "intervention_accuracy": 0.7364016736401674,
  "delta_accuracy": -0.0167364016736401,
  "recovery_rate": 0.027196652719665274,
  "regression_rate": 0.043933054393305436,
  "baseline_correct_count": 360,
  "intervention_correct_count": 352,
  "baseline_total": 478,
  "intervention_total": 478,
  "baseline_false_count": 118,
  "baseline_false_intervention_correct": 13,
  "baseline_false_intervention_accuracy": 0.11016949152542373,
  "baseline_true_count": 360,
  "baseline_true_intervention_correct": 339,
  "baseline_true_intervention_accuracy": 0.9416666666666667,
  "recovered_indices": [
    11,
    90,
    130,
    256,
    258,
    306,
    307,
    365,
    381,
    383,
    402,
    413,
    469
  ],
  "regressed_indices": [
    21,
    49,
    78,
    102,
    167,
    177,
    207,
    209,
    224,
    239,
    252,
    282,
    305,
    308,
    311,
    322,
    328,
    337,
    429,
    441,
    463
  ],
  "recovered_count": 13,
  "regressed_count": 21
}
